Username,Fullname,Instagram id,Is Private,Followed By Logged in user,Follows anamercedesrueda,Followed by anamercedesrueda,Profile URL
andreagutierrezespiritual,Andrea GutiÃ©rrez Espiritual,6133667178,,,,true,https://www.instagram.com/andreagutierrezespiritual/
cartero_angelical,Adriana Marciales,38280488298,,,,true,https://www.instagram.com/cartero_angelical/
thejenniferleclaire,Jennifer LeClaire,8674566,,,,true,https://www.instagram.com/thejenniferleclaire/
angeleesconexionespiritual,Maria Patricia Correa,1041035770,,,,true,https://www.instagram.com/angeleesconexionespiritual/
akashicosamparo,Amparo Valero | Canalizadora,579395668,,,,true,https://www.instagram.com/akashicosamparo/
amstel_es,Amstel EspanÌƒa #FUERZABAR,434592911,,,,true,https://www.instagram.com/amstel_es/
michaeljsealey,Michael Sealey,7705723555,,,,true,https://www.instagram.com/michaeljsealey/
ct_shoreline,,13568238079,,,,true,https://www.instagram.com/ct_shoreline/
remediosyalgomasoficial,Remedios y Algo MaÌs,45198150421,,,,true,https://www.instagram.com/remediosyalgomasoficial/
well_alright_tribute,Rick Fabio,47162821114,,,,true,https://www.instagram.com/well_alright_tribute/
ricksteveseurope,Rick Steves' Europe,1626862320,,,,true,https://www.instagram.com/ricksteveseurope/
deborahking.lifeforce,Deborah King,1501344672,,,,true,https://www.instagram.com/deborahking.lifeforce/
theangelwriter,Hope Lux â€“ The Angel Writer,10498977523,,,,true,https://www.instagram.com/theangelwriter/
archangelologydotcom,Kim Caldwell,6230455467,,,,true,https://www.instagram.com/archangelologydotcom/
tamsenhorton,Tamsen Horton,51601217,,,,true,https://www.instagram.com/tamsenhorton/
crystal__collective,Audrey Murphy  â˜ªï¸ â˜®âš›,42090959699,,,,true,https://www.instagram.com/crystal__collective/
shoutlook,SHOUTLOOK,1376372204,,,,true,https://www.instagram.com/shoutlook/
hannaprensa,ğ»ğ’¶ğ“ƒğ“ƒğ’¶ â˜˜,211433702,,,,true,https://www.instagram.com/hannaprensa/
edithconecta,Conectando Con Tu Ser,1790924918,,,,true,https://www.instagram.com/edithconecta/
sandra.aguilar.asesora,Asesora de Negocios Digitales,29473901356,,,,true,https://www.instagram.com/sandra.aguilar.asesora/
univisionhoroscopos,UNIVISION HORÃ“SCOPOS,8635221946,,,,true,https://www.instagram.com/univisionhoroscopos/
draceciliabanchero,DRA. CECILIA BANCHERO,15407167165,,,,true,https://www.instagram.com/draceciliabanchero/
ctvisit,Connecticut Office of Tourism,1458021996,,,,true,https://www.instagram.com/ctvisit/
successwise,Successwise,1826612514,,,,true,https://www.instagram.com/successwise/
lifeom,LIFE OM,6264255768,,,,true,https://www.instagram.com/lifeom/
peroshini,Peroshini Naidoo,1723984697,,,,true,https://www.instagram.com/peroshini/
penguinbienestarco,Penguin Bienestar Colombia,5627278951,,,,true,https://www.instagram.com/penguinbienestarco/
stevenkranzlin,Steven A Kranzlin,48854369156,,,,true,https://www.instagram.com/stevenkranzlin/
hannaisulglow,Korean Skincare & Medical Spa,4735883712,,,,true,https://www.instagram.com/hannaisulglow/
diariodedianatv,Diario De Diana,39028074836,,,,true,https://www.instagram.com/diariodedianatv/
angelesbylauraespinosa,Laura Espinosa Davila,296839732,,,,true,https://www.instagram.com/angelesbylauraespinosa/
luminariatelevision,LUMINARIA TELEVISIÃ“N,8121011134,,,,true,https://www.instagram.com/luminariatelevision/
maritzabelcf,Maritzabel Claros Ferrer,48973237287,,,,true,https://www.instagram.com/maritzabelcf/
mimos_dulcedetalle,MIMOS Dulce Detalle,38743549400,,,,true,https://www.instagram.com/mimos_dulcedetalle/
sandra_contreras_m,Sandra Contreras,5757197651,,,,true,https://www.instagram.com/sandra_contreras_m/
coachconangeles,Coach con Ãngeles,11652095922,,,,true,https://www.instagram.com/coachconangeles/
dc.swamp,DC Swamp,47708036037,,,,true,https://www.instagram.com/dc.swamp/
mike_thecop,Mike The Cop,15225469,,,,true,https://www.instagram.com/mike_thecop/
danaperino,Dana Perino,324178478,,,,true,https://www.instagram.com/danaperino/
mosseri,Adam Mosseri,95561,,,,true,https://www.instagram.com/mosseri/
lornabyrne_inspiredbyangels,Lornabyrne inspired by Angels,2053557090,,,,true,https://www.instagram.com/lornabyrne_inspiredbyangels/
lornabyrnespiritual,Lorna Byrne Spiritual,48573262498,,,,true,https://www.instagram.com/lornabyrnespiritual/
thebeehiverome,Linda Martinez & Steve Brenner,15508834,,,,true,https://www.instagram.com/thebeehiverome/
mrdavidangelo,David Angelo,1593959059,,,,true,https://www.instagram.com/mrdavidangelo/
pureflix,Pure Flix,195159201,,,,true,https://www.instagram.com/pureflix/
nadiagamarra2,Nadia Gamarra,24871732343,,,,true,https://www.instagram.com/nadiagamarra2/
the_typical_liberal,#1 In Exposing Liberal Lies,1539151608,,,,true,https://www.instagram.com/the_typical_liberal/
realannapaulina,ğ€ğ§ğ§ğš ğğšğ®ğ¥ğ¢ğ§ğš ğ‹ğ®ğ§ğš,23014958,,,,true,https://www.instagram.com/realannapaulina/
dc_draino,Rogan Oâ€™Handley,4331071170,,,,true,https://www.instagram.com/dc_draino/
kittyblomfield,Kitty Blomfield,7934237116,,,,true,https://www.instagram.com/kittyblomfield/
thechrisdo,Chris Doâ€”IG Business Marketing,31959105,,,,true,https://www.instagram.com/thechrisdo/
soylautips,Coach energetica,3974709453,,,,true,https://www.instagram.com/soylautips/
inspirato,Inspirato,55710451,,,,true,https://www.instagram.com/inspirato/
bodybyblogilates,BODY By Blogilates,7534918607,,,,true,https://www.instagram.com/bodybyblogilates/
stephanielynnkase,Stephanie Kase,46450623,,,,true,https://www.instagram.com/stephanielynnkase/
_viajedelalma,Viaje del Alma | Nerea M.,41722520863,,,,true,https://www.instagram.com/_viajedelalma/
nataliaangel33,Natalia AÌngel,304963828,,,,true,https://www.instagram.com/nataliaangel33/
hola_anami,ConexiÃ³n con los Ãngeles,4616600307,,,,true,https://www.instagram.com/hola_anami/
charlies__army,Marie Gutshall,7406214736,,,,true,https://www.instagram.com/charlies__army/
rafanadalacademy,Rafa Nadal Academy by Movistar,2075416585,,,,true,https://www.instagram.com/rafanadalacademy/
mariabel_nadal,Maribel Nadal,2154963238,,,,true,https://www.instagram.com/mariabel_nadal/
cutecatvideoos,Cat Videos & Photos,47302330843,,,,true,https://www.instagram.com/cutecatvideoos/
prose,Prose: Custom Hair Care,5989597356,,,,true,https://www.instagram.com/prose/
charlieshamp,Charlie Shamp,387752369,,,,true,https://www.instagram.com/charlieshamp/
nikki_wellness,Nicole Tenorio,6261197078,,,,true,https://www.instagram.com/nikki_wellness/
calzonesycafe,Calzones & CafÃ©,45337468330,,,,true,https://www.instagram.com/calzonesycafe/
catalinajimenezj,Catalina Jimenez Jimenez,228421947,,,,true,https://www.instagram.com/catalinajimenezj/
caramiamervyn,Is Mise Cara/I am Cara,44668863774,,,,true,https://www.instagram.com/caramiamervyn/
guadalupecoach,Guadalupe||Coach de vida,7702365182,,,,true,https://www.instagram.com/guadalupecoach/
buenavibra.argentina,Buena vibra ğŸ§¿,47900689548,,,,true,https://www.instagram.com/buenavibra.argentina/
gemasdeangelina,Canalizadora,6940043180,,,,true,https://www.instagram.com/gemasdeangelina/
benn_ingrid,Ingrid Benninghoff Prados,7166633496,,,,true,https://www.instagram.com/benn_ingrid/
_ianclayton,Ian Clayton,10200967313,,,,true,https://www.instagram.com/_ianclayton/
dailystoic,Daily Stoic,2931806566,,,,true,https://www.instagram.com/dailystoic/
vishen,Vishen,8906212,,,,true,https://www.instagram.com/vishen/
jeffdunham,Jeff Dunham,245352403,,,,true,https://www.instagram.com/jeffdunham/
joshuamills1,J O S H U A + M I L L S,265185352,,,,true,https://www.instagram.com/joshuamills1/
pedroprabhu,Pedro Prabhu,3634439786,,,,true,https://www.instagram.com/pedroprabhu/
conviertemas,Convierte MaÌs,4149701309,,,,true,https://www.instagram.com/conviertemas/
psychologysilverlining,Silver Lining Psychology,7572293539,,,,true,https://www.instagram.com/psychologysilverlining/
silviallopb,Silvia Llop:PsicÃ³loga del Amor,20245398189,,,,true,https://www.instagram.com/silviallopb/
lightworkersinlove,Lightworkers In Love,42987912835,,,,true,https://www.instagram.com/lightworkersinlove/
anamendezferrell,Ana MeÌndez Ferrell,1055543512,,,,true,https://www.instagram.com/anamendezferrell/
julianashares,Juliana Tafur,345879672,,,,true,https://www.instagram.com/julianashares/
mindfulscience.es,Mindfulness| Comunidad,34696604226,,,,true,https://www.instagram.com/mindfulscience.es/
katherinewoodwardthomas,Katherine Woodward Thomas,2063030221,,,,true,https://www.instagram.com/katherinewoodwardthomas/
alejandradottv,Alejandra Costello,1025222936,,,,true,https://www.instagram.com/alejandradottv/
_kimberlysnyder,Kimberly Snyder,259541864,,,,true,https://www.instagram.com/_kimberlysnyder/
jamesgoll,James W. Goll,55682589,,,,true,https://www.instagram.com/jamesgoll/
patriciakingpage,Patricia King,225496769,,,,true,https://www.instagram.com/patriciakingpage/
jennifermshaffer,Jennifer Shaffer,593950192,,,,true,https://www.instagram.com/jennifermshaffer/
kabbalah4all,Kabbalah4All Congregation,2051879565,,,,true,https://www.instagram.com/kabbalah4all/
roanietogustavo,Gustavo Nieto Roa,3313614058,,,,true,https://www.instagram.com/roanietogustavo/
monicafuquen,Monica Fuquen,247435753,,,,true,https://www.instagram.com/monicafuquen/
colomdiana415,Glitter & Glue HD,1580846638,,,,true,https://www.instagram.com/colomdiana415/
cruzescribiente,Esteban Cruz NiÃ±o,1310289517,,,,true,https://www.instagram.com/cruzescribiente/
michellemotuzas,Michelle,279395620,,,,true,https://www.instagram.com/michellemotuzas/
soulart_colombia,Soul Art,1137637923,,,,true,https://www.instagram.com/soulart_colombia/
swiha,SWIHA,795785456,,,,true,https://www.instagram.com/swiha/
itspetergabriel,Peter Gabriel,132031,,,,true,https://www.instagram.com/itspetergabriel/
soundwaves_art,Soundwaves Art,2035324683,,,,true,https://www.instagram.com/soundwaves_art/
selfmindset,Self-Mindset,3642959876,,,,true,https://www.instagram.com/selfmindset/
englishwithgabby,Learn English with Gabby ğŸ“šğŸ—½,3880530006,,,,true,https://www.instagram.com/englishwithgabby/
iqfacefitness,NATURAL FACE REJUVENATION,14814119054,,,,true,https://www.instagram.com/iqfacefitness/
heaveninbusiness,Heaven in Business,8265317090,,,,true,https://www.instagram.com/heaveninbusiness/
bssmredding,BSSM Redding,2161281421,,,,true,https://www.instagram.com/bssmredding/
fionabucklandcoaching,Fiona Buckland,1916507548,,,,true,https://www.instagram.com/fionabucklandcoaching/
theschooloflifelondon,The School of Life,1106783525,,,,true,https://www.instagram.com/theschooloflifelondon/
lucky_realm,Ana MariÌa,1246795328,,,,true,https://www.instagram.com/lucky_realm/
crochet_oth,Off The Hook Handmade Crochet,5399167350,,,,true,https://www.instagram.com/crochet_oth/
benditatriada,Solo Dios,18361011702,,,,true,https://www.instagram.com/benditatriada/
courtsofheavennet,Dr. Ron M. Horner,32931841146,,,,true,https://www.instagram.com/courtsofheavennet/
timdsheets,Tim Sheets,8296961920,,,,true,https://www.instagram.com/timdsheets/
alexcarrilloemprendedor,Alex Carrillo,631898827,,,,true,https://www.instagram.com/alexcarrilloemprendedor/
kabbalahcentre,The Kabbalah Centre,417539212,,,,true,https://www.instagram.com/kabbalahcentre/
itickabbalah,David Itic,2979209762,,,,true,https://www.instagram.com/itickabbalah/
rachelitic,Rachel Itic,613907476,,,,true,https://www.instagram.com/rachelitic/
michaelberg,Michael Berg,231352585,,,,true,https://www.instagram.com/michaelberg/
rivkikutnovsky,Rivki Kutnovsky,7070159824,,,,true,https://www.instagram.com/rivkikutnovsky/
meiliken,jeffrey Meiliken,10724497972,,,,true,https://www.instagram.com/meiliken/
donjoseruiz,Don Jose Ruiz,244948734,,,,true,https://www.instagram.com/donjoseruiz/
innovacionesvirtuales,Innovaciones Virtuales,42329344772,,,,true,https://www.instagram.com/innovacionesvirtuales/
pastorrickwarren,Rick Warren,51437258,,,,true,https://www.instagram.com/pastorrickwarren/
klaussvictoria11.11,Klauss11.11,401616400,,,,true,https://www.instagram.com/klaussvictoria11.11/
carolinarodriguezrestrepo,Carolina RodrÃ­guez Restrepo,6870965329,,,,true,https://www.instagram.com/carolinarodriguezrestrepo/
astro_realizacion,Sara Gomar,11821885,,,,true,https://www.instagram.com/astro_realizacion/
resilienciainfinita,Magie GonzÃ¡lez âœ¨,8575838486,,,,true,https://www.instagram.com/resilienciainfinita/
tribu.positiva,áµá´ºá´µáµ€á´± á´¬ á´¸á´¬ áµ€á´¿á´µá´®áµ âœ¨,3630465295,,,,true,https://www.instagram.com/tribu.positiva/
encuentros.pty,VeroÌnica Love Coach,22114920308,,,,true,https://www.instagram.com/encuentros.pty/
freddydeanda,Freddy Deanda,536919615,,,,true,https://www.instagram.com/freddydeanda/
myselflovesupply,My Self-Love Supplyâ„¢,12159522977,,,,true,https://www.instagram.com/myselflovesupply/
rythmia_,Rythmia,1589514180,,,,true,https://www.instagram.com/rythmia_/
rlovetribe,rlove,12081182439,,,,true,https://www.instagram.com/rlovetribe/
dawnmccoybooks,Dawn |ğŸ¯Leadership Strategist,6037738465,,,,true,https://www.instagram.com/dawnmccoybooks/
brock11johnson,IG Expert + Top 100 Podcaster,45098556,,,,true,https://www.instagram.com/brock11johnson/
instaclubhub,Grow ur following & engagement,38325615243,,,,true,https://www.instagram.com/instaclubhub/
godencounters,God Encounters,5900122699,,,,true,https://www.instagram.com/godencounters/
dougtaddison,Doug Addison | Prophetic,313378088,,,,true,https://www.instagram.com/dougtaddison/
identitynetwork,Jeremy Lopez Ministries,8074339349,,,,true,https://www.instagram.com/identitynetwork/
cosmologiafemenina,ğ‘ªğ’ğ’”ğ’ğ’ğ’ğ’ğ’ˆÃ­ğ’‚ ğ‘­ğ’†ğ’ğ’†ğ’ğ’Šğ’ğ’‚ | Eila,1739367941,,,,true,https://www.instagram.com/cosmologiafemenina/
karenwelton,Karen Welton,20999407,,,,true,https://www.instagram.com/karenwelton/
brittneybatla,IG + REELS Coach & Strategist,5352596281,,,,true,https://www.instagram.com/brittneybatla/
cpnshows,Charisma Podcast Network,2284851511,,,,true,https://www.instagram.com/cpnshows/
jonathanwelton,Jonathan Welton,233981736,,,,true,https://www.instagram.com/jonathanwelton/
lilianaruizautora,Liliana Ruiz |Coach de Vida,1026358096,,,,true,https://www.instagram.com/lilianaruizautora/
nadiagamarra_,Nadia Gamarra de Soriano,1337574878,,,,true,https://www.instagram.com/nadiagamarra_/
angelacademyholistics,Angel Academy Holistics,27746310843,,,,true,https://www.instagram.com/angelacademyholistics/
williamwhitecloud,WillIam Whitecloud,7418285495,,,,true,https://www.instagram.com/williamwhitecloud/
signsofspirit444,Signs of Spirit,3261008829,,,,true,https://www.instagram.com/signsofspirit444/
karina_na_more,PERFECT FACE without ğŸ’‰,2377772832,,,,true,https://www.instagram.com/karina_na_more/
gloriaovallego76,Gloria Ovalle,5431403143,,,,true,https://www.instagram.com/gloriaovallego76/
freedom_arc,Freedom Apostolic Resources,3541058528,,,,true,https://www.instagram.com/freedom_arc/
soydiegoosorio_,Diego Osorio | Hotmart Black ğŸš€,35371198831,,,,true,https://www.instagram.com/soydiegoosorio_/
postplus.official,PostPlus Official,14902184840,,,,true,https://www.instagram.com/postplus.official/
cynthiaeoliverio,Cynthia Oliverio-Coach Trainer,7546277470,,,,true,https://www.instagram.com/cynthiaeoliverio/
kingdomdrivenentrepreneur,Kingdom Driven Entrepreneur,7921072955,,,,true,https://www.instagram.com/kingdomdrivenentrepreneur/
prayingprophet,Jennifer Eivaz,301489822,,,,true,https://www.instagram.com/prayingprophet/
franklin_graham,Franklin Graham,738331272,,,,true,https://www.instagram.com/franklin_graham/
joycemeyer,Joyce Meyer,6470880,,,,true,https://www.instagram.com/joycemeyer/
sidrothtv,Sid Roth,416997016,,,,true,https://www.instagram.com/sidrothtv/
roberthendersonministries,Robert Henderson Ministries,7565238176,,,,true,https://www.instagram.com/roberthendersonministries/
mariekondoenespanol,Marie Kondo en EspaÃ±ol,34345409446,,,,true,https://www.instagram.com/mariekondoenespanol/
mariekondo,Marie Kondo,1772017010,,,,true,https://www.instagram.com/mariekondo/
sanctuarywithlornabyrne,Sanctuary With Lorna Byrne,39378591489,,,,true,https://www.instagram.com/sanctuarywithlornabyrne/
gabriellethil,Soul to Soul Relationships,2053512370,,,,true,https://www.instagram.com/gabriellethil/
jeffjansen,Jeff Jansen,21210480,,,,true,https://www.instagram.com/jeffjansen/
mikemunzvil,Mike Munzvil,190332538,,,,true,https://www.instagram.com/mikemunzvil/
bemaster,BeMaster,4983454466,,,,true,https://www.instagram.com/bemaster/
johnbena10k,ğŸ‘©â€ğŸš€ Mi John de dolares,3113575991,,,,true,https://www.instagram.com/johnbena10k/
maxlatinooficial,Max Latino Reto 2k,6025492237,,,,true,https://www.instagram.com/maxlatinooficial/
lance_wallnau,Lance Wallnau,2514182566,,,,true,https://www.instagram.com/lance_wallnau/
mariomurilloministries,Mario Murillo Ministries,905392585,,,,true,https://www.instagram.com/mariomurilloministries/
psicologiayastrologia,Juan Carlos GÃ³mez,5992514302,,,,true,https://www.instagram.com/psicologiayastrologia/
mauriciopuertaoficial,Mauricio Puerta,1720387877,,,,true,https://www.instagram.com/mauriciopuertaoficial/
siututuava,Siu Esencias Florales,2927471141,,,,true,https://www.instagram.com/siututuava/
astrologiacom,Ricardo Villalobos,1546870673,,,,true,https://www.instagram.com/astrologiacom/
andreitaramireza,Andrea RamiÌrez Acosta,283189807,,,,true,https://www.instagram.com/andreitaramireza/
michaelvanvlymen,Michael Van Vlymen,4369276364,,,,true,https://www.instagram.com/michaelvanvlymen/
espacioantuak,ESPACIO ANTUAK,10626114548,,,,true,https://www.instagram.com/espacioantuak/
churchpopitaliano,ChurchPOP Italiano,7944725679,,,,true,https://www.instagram.com/churchpopitaliano/
churchpop_es,ChurchPOP EspanÌƒol,4634177463,,,,true,https://www.instagram.com/churchpop_es/
franciscus,Pope Francis,3046235065,,,,true,https://www.instagram.com/franciscus/
churchpop,ChurchPOP,3611793444,,,,true,https://www.instagram.com/churchpop/
robertreeves444,Robert Reeves,339853632,,,,true,https://www.instagram.com/robertreeves444/
jmruizmachado,Juan Manuel Ruiz,19496636448,,,,true,https://www.instagram.com/jmruizmachado/
magicalbuttermx,MagicalButter.com Mexico,32722859851,,,,true,https://www.instagram.com/magicalbuttermx/
casadamabiah,Casa Damabiah,841896727,,,,true,https://www.instagram.com/casadamabiah/
frasesdelornabyrne,Frases de Lorna Byrne,34378293358,,,,true,https://www.instagram.com/frasesdelornabyrne/
dalailama,Dalai Lama,1044003089,,,,true,https://www.instagram.com/dalailama/
thedreammama,Melissa Virtue,31256929254,,,,true,https://www.instagram.com/thedreammama/
grantvirtue,Grant Virtue,2021116178,,,,true,https://www.instagram.com/grantvirtue/
kat.om.transform.your.life,Kat OM |  Transform Your Lifeâ™¡,3084751114,,,,true,https://www.instagram.com/kat.om.transform.your.life/
prayingmedic,Praying Medic,364071199,,,,true,https://www.instagram.com/prayingmedic/
the.shift.network,The Shift Network,9260216517,,,,true,https://www.instagram.com/the.shift.network/
7dayprayermiraclecom,7 Day Prayer Miracle,26971768784,,,,true,https://www.instagram.com/7dayprayermiraclecom/
mindvalley,Mindvalley,445708539,,,,true,https://www.instagram.com/mindvalley/
proctorgallagher,Bob Proctor,478014550,,,,true,https://www.instagram.com/proctorgallagher/
johngraymarsvenus_official,John Gray,21748078377,,,,true,https://www.instagram.com/johngraymarsvenus_official/
miangelytuangel,Mi Ãngel y Tu Ãngel ğŸ˜‡,42764314290,,,,true,https://www.instagram.com/miangelytuangel/
alexalopezquantum,AlexaLopezQuantum,6912159836,,,,true,https://www.instagram.com/alexalopezquantum/
panamericana,Panamericana,3625095484,,,,true,https://www.instagram.com/panamericana/
buscalibre_co,Buscalibre Colombia,3044961956,,,,true,https://www.instagram.com/buscalibre_co/
untitled.barcelona,Untitled Barcelona Bags,1551071349,,,,true,https://www.instagram.com/untitled.barcelona/
ingrithschaill,Ingrith Schaill,3088421385,,,,true,https://www.instagram.com/ingrithschaill/
dubraskaraga.co,á´á´‡É´á´›á´‡ â€¢ á´˜á´á´…á´‡Ê€ â€¢ á´€Ê™á´œÉ´á´…á´€É´á´„Éªá´€,1586470521,,,,true,https://www.instagram.com/dubraskaraga.co/
realcandaceowens,Candace Owens,5714766096,,,,true,https://www.instagram.com/realcandaceowens/
soymajochambilla,Soy Majo Chambilla | Marketing,3037215008,,,,true,https://www.instagram.com/soymajochambilla/
moodypublishers,Moody Publishers,289890044,,,,true,https://www.instagram.com/moodypublishers/
librosenlineaco,librosenlinea.co,39870557926,,,,true,https://www.instagram.com/librosenlineaco/
andysantos.ec,Andy âœ­ Coach EnergÃ©tica,2799055615,,,,true,https://www.instagram.com/andysantos.ec/
praying_medic,Praying Medic,2956929943,,,,true,https://www.instagram.com/praying_medic/
ariadnatapiaok,Ariadna Tapia Angelologa,3537662365,,,,true,https://www.instagram.com/ariadnatapiaok/
goyafoods,GoyaFoods,1143174631,,,,true,https://www.instagram.com/goyafoods/
cultivatingintuitions,Cultivating Intuitions,35145235616,,,,true,https://www.instagram.com/cultivatingintuitions/
edgarcayceare,Edgar Cayce's A.R.E.,2023686338,,,,true,https://www.instagram.com/edgarcayceare/
wearehumanangels777,We Are Human Angels,7452140324,,,,true,https://www.instagram.com/wearehumanangels777/
bitacoradeamor.co,Andrea Duque,19065086889,,,,true,https://www.instagram.com/bitacoradeamor.co/
lornabyrne_quotes,Quotes Lorna Byrne,13273521916,,,,true,https://www.instagram.com/lornabyrne_quotes/
therealnickstephenson,Nick Stephenson,33121736,,,,true,https://www.instagram.com/therealnickstephenson/
plumvillagefrance,Plum Village,7264828046,,,,true,https://www.instagram.com/plumvillagefrance/
angelologia.argentina,AsociaciÃ³n Arg. de AngelologÃ­a,4722519321,,,,true,https://www.instagram.com/angelologia.argentina/
lucyaspra,Lucy Aspra,174265609,,,,true,https://www.instagram.com/lucyaspra/
mindvalleyenespanol,Mindvalley En EspaÃ±ol,13999689196,,,,true,https://www.instagram.com/mindvalleyenespanol/
lisak888,Lisa K. - intuition expert,210282063,,,,true,https://www.instagram.com/lisak888/
tde.eventos,TDE Eventos,12816432253,,,,true,https://www.instagram.com/tde.eventos/
avalonamusic,AVALONAâœ¨Dina Fanai,19923797364,,,,true,https://www.instagram.com/avalonamusic/
official_enya,Enya,2144245861,,,,true,https://www.instagram.com/official_enya/
divinopecadobta,Divino Pecado,36576738124,,,,true,https://www.instagram.com/divinopecadobta/
vero.alarcon.y,GuÃ­a de magia y abundancia,8513792221,,,,true,https://www.instagram.com/vero.alarcon.y/
the_rooman,Sean Kalin Jr,1473433929,,,,true,https://www.instagram.com/the_rooman/
medium.mlizarralde,Medium Mikel Lizarralde,1020733843,,,,true,https://www.instagram.com/medium.mlizarralde/
soporteconferencia,Soporte Conferencia,8394450650,,,,true,https://www.instagram.com/soporteconferencia/
colton59,Colton Burpo,280501130,,,,true,https://www.instagram.com/colton59/
luzstellarozo,Luz Stella Rozo,3316138449,,,,true,https://www.instagram.com/luzstellarozo/
marcelaathens,Energy Healing / Sesiones,215664590,,,,true,https://www.instagram.com/marcelaathens/
paola_espirituceleste,Paola GutieÌrrez GoÌmez,1137172866,,,,true,https://www.instagram.com/paola_espirituceleste/
dianacooperangels,Diana Cooper,3080830706,,,,true,https://www.instagram.com/dianacooperangels/
picsart,Picsart Photo & Video Editor,1936047006,,,,true,https://www.instagram.com/picsart/
powerdirector_app,PowerDirector - Video Editor,21299645233,,,,true,https://www.instagram.com/powerdirector_app/
bettiortega,Betti Ortega,228893582,,,,true,https://www.instagram.com/bettiortega/
aracelichanofficial,ğ€ğ‘ğ€ğ‚ğ„ğ‹ğˆ ğ‚ğ‡ğ€ğ,3302411383,,,,true,https://www.instagram.com/aracelichanofficial/
raffaellodimeglio,Raffaello Di Meglio,33767944117,,,,true,https://www.instagram.com/raffaellodimeglio/
kattimpf,Kat Timpf,190757444,,,,true,https://www.instagram.com/kattimpf/
foxnews,Fox News,188154866,,,,true,https://www.instagram.com/foxnews/
realemilycompagno,Emily Compagno,14437036618,,,,true,https://www.instagram.com/realemilycompagno/
realgreggutfeld,Greg Gutfeld,631474209,,,,true,https://www.instagram.com/realgreggutfeld/
thefivefnc,The Five,336984100,,,,true,https://www.instagram.com/thefivefnc/
realdonaldtrump,President Donald J. Trump,347696668,,,,true,https://www.instagram.com/realdonaldtrump/
gutfeldfox,Gutfeld!,1968890559,,,,true,https://www.instagram.com/gutfeldfox/
unisabana,Universidad de La Sabana,222321123,,,,true,https://www.instagram.com/unisabana/
unisabanainternacional,Unisabana Internacional,23834577423,,,,true,https://www.instagram.com/unisabanainternacional/
alumnisabana,Alumni Sabana,29769031586,,,,true,https://www.instagram.com/alumnisabana/
emyshanti,Emy Shanti,4538231471,,,,true,https://www.instagram.com/emyshanti/
angelvirtualsummit,angelvirtualsummit,13036217755,,,,true,https://www.instagram.com/angelvirtualsummit/
libreriadelmundo,Librerias Del Mundo,34158740464,,,,true,https://www.instagram.com/libreriadelmundo/
yehudaberg,Yehuda Berg,178872489,,,,true,https://www.instagram.com/yehudaberg/
purest_light,Purest Lightâœ¨ğŸ™ğŸ»â¤âš¡,8240796738,,,,true,https://www.instagram.com/purest_light/
abraham_hicks_quotes,Abraham Hicks Only Quotes,5878353964,,,,true,https://www.instagram.com/abraham_hicks_quotes/
santiagorojasp,Santiago Rojas Posada,578672757,,,,true,https://www.instagram.com/santiagorojasp/
angeloasis_com,angeloasis.com,29403679761,,,,true,https://www.instagram.com/angeloasis_com/
matchamor.co,MatchAmor,1601476224,,,,true,https://www.instagram.com/matchamor.co/
almashermanas,Almas Hermanas,8635970976,,,,true,https://www.instagram.com/almashermanas/
florde.cayena,Flordecayena,54909006,,,,true,https://www.instagram.com/florde.cayena/
megustaleer_invitados,Me gusta leer invitados,33760923144,,,,true,https://www.instagram.com/megustaleer_invitados/
kabbalahmashiah,Kabbalah Mashiah,1973131921,,,,true,https://www.instagram.com/kabbalahmashiah/
thelightexperience,The Light Experience,4085638385,,,,true,https://www.instagram.com/thelightexperience/
thetahealingbyvianna,Vianna Stibal,2115940764,,,,true,https://www.instagram.com/thetahealingbyvianna/
patflynn,Pat Flynn,5384665,,,,true,https://www.instagram.com/patflynn/
kari.tejada,ğŸŒ¹Karina TejadağŸŒ¹,2334769407,,,,true,https://www.instagram.com/kari.tejada/
mariatorresmoros,â¤á´á´€Ê€Éªá´€ á´›á´Ê€Ê€á´‡êœ± á´á´Ê€á´êœ±ğŸ¦‹,500314872,,,,true,https://www.instagram.com/mariatorresmoros/
thebibleproject,BibleProject,1532423832,,,,true,https://www.instagram.com/thebibleproject/
fabianapanetta,Fabiana Panetta,36933332,,,,true,https://www.instagram.com/fabianapanetta/
officialbodybyjake,Jake Steinfeld,6652085691,,,,true,https://www.instagram.com/officialbodybyjake/
fran_pastore,Fran,12891547443,,,,true,https://www.instagram.com/fran_pastore/
ctwbdc,Womens Business Development CT,1387830900,,,,true,https://www.instagram.com/ctwbdc/
cynthialive,Cynthia Johnson,184909759,,,,true,https://www.instagram.com/cynthialive/
tinymarianna,Mariana,29167981,,,,true,https://www.instagram.com/tinymarianna/
mikaelaamichelle,Mikaela Michelle â™¡,2936887358,,,,true,https://www.instagram.com/mikaelaamichelle/
cipatlioficial,Cipatli Serrato| PsicÃ³loga,204821716,,,,true,https://www.instagram.com/cipatlioficial/
tatiuribem,Tati Uribe M â€¢ Mentora,249881761,,,,true,https://www.instagram.com/tatiuribem/
estheresparragozav,Esther Esparragoza Villarreal,3319687309,,,,true,https://www.instagram.com/estheresparragozav/
paulinaentiempodeangeles,PAULI LEON - TIEMPO DE ANGELES,1534125094,,,,true,https://www.instagram.com/paulinaentiempodeangeles/
danielalesser,Daniela M. Lesser,28697023,,,,true,https://www.instagram.com/danielalesser/
katiesteckly,Katie Steckly,41833411,,,,true,https://www.instagram.com/katiesteckly/
maidertomasena,MaiÌˆder Tomasena âœï¸ Copywriter,23654183,,,,true,https://www.instagram.com/maidertomasena/
taticapg,Tate P,594183910,,,,true,https://www.instagram.com/taticapg/
amorconscienciaconf,Amor & Consciencia Conferencia,24729893665,,,,true,https://www.instagram.com/amorconscienciaconf/
fonolibro,FonoLibro - Audiolibros,627123181,,,,true,https://www.instagram.com/fonolibro/
audiotekaes,audiotekaes,9132379328,,,,true,https://www.instagram.com/audiotekaes/
inspirationaltools,inspiration daily,7112363216,,,,true,https://www.instagram.com/inspirationaltools/
mindbodygreen,mindbodygreen,268737565,,,,true,https://www.instagram.com/mindbodygreen/
by.piensoenpositivo,Tienda On Line  â±By PIENSO,1772854582,,,,true,https://www.instagram.com/by.piensoenpositivo/
platformuniversity,Platform University,6852715220,,,,true,https://www.instagram.com/platformuniversity/
michaelhyatt,Leadership + Business Expert,1172707,,,,true,https://www.instagram.com/michaelhyatt/
drlindsaypadilla,Lindsay | ğŸ‘‘ Queen of Audio ğŸ§,40379441,,,,true,https://www.instagram.com/drlindsaypadilla/
amyporterfield,Online Marketing Educator ğŸ’¡,4645613,,,,true,https://www.instagram.com/amyporterfield/
jasminestar,Jasmine Star,536801,,,,true,https://www.instagram.com/jasminestar/
gonzalogallog,Gonzalo Gallo,5465911823,,,,true,https://www.instagram.com/gonzalogallog/
silvananova,LIFE Coach- MEDITATION Teacher,49010905,,,,true,https://www.instagram.com/silvananova/
lonerwolfpath,ğŸŒ— LÏ…É³Î± Î±É³Ôƒ Sà¹Ê… â˜€ï¸,2329648798,,,,true,https://www.instagram.com/lonerwolfpath/
assaya_yosoyluz,Assaya,3136231068,,,,true,https://www.instagram.com/assaya_yosoyluz/
rmrstyle,Antonio Centeno (RMRS),2046092388,,,,true,https://www.instagram.com/rmrstyle/
javier.elices,Javier Elices âš¡ï¸,1587274582,,,,true,https://www.instagram.com/javier.elices/
bodymindspiritexpo,Body Mind Spirit Expo,1078280110,,,,true,https://www.instagram.com/bodymindspiritexpo/
doralaeditora,EdiciÃ³n de fotos y vÃ­deos,17213690319,,,,true,https://www.instagram.com/doralaeditora/
mantrafm91.9,Mantra FM,2529340779,,,,true,https://www.instagram.com/mantrafm91.9/
vibrandoalmaximo,MÃ³ni Mckein,38425339,,,,true,https://www.instagram.com/vibrandoalmaximo/
raimonsamso,raimonsamso autor,3169884399,,,,true,https://www.instagram.com/raimonsamso/
sermujercomunidad,Cata Campuzano,24362146407,,,,true,https://www.instagram.com/sermujercomunidad/
vilmanunez,Vilma Nunez,414354,,,,true,https://www.instagram.com/vilmanunez/
davidferrer1982,David Ferrer,6951467873,,,,true,https://www.instagram.com/davidferrer1982/
chuckgeezy,Charles Goold,2208119064,,,,true,https://www.instagram.com/chuckgeezy/
halfmoonrestaurant,Half Moon Restaurant,1078005662,,,,true,https://www.instagram.com/halfmoonrestaurant/
vdelcastillotv,VerÃ³nica del Castillo,1544070986,,,,true,https://www.instagram.com/vdelcastillotv/
tomwardofficial,Tom Ward,1556529304,,,,true,https://www.instagram.com/tomwardofficial/
dailyom,DailyOM,3541424555,,,,true,https://www.instagram.com/dailyom/
lawoflight,The Law of Light,8006366427,,,,true,https://www.instagram.com/lawoflight/
spiritualactivator,Oliver NinÌƒo,13959602054,,,,true,https://www.instagram.com/spiritualactivator/
garyvee,Gary Vay-Ner-Chuk,1697296,,,,true,https://www.instagram.com/garyvee/
dr.raymondmoody,LIFE AFTER LIFE,10444127476,,,,true,https://www.instagram.com/dr.raymondmoody/
family_maffin,Ğ›Ğ¸Ğ»Ğ¸Ñ ĞŸĞ»Ğ°Ñ‚Ğ¾Ğ²Ğ°,4837500472,,,,true,https://www.instagram.com/family_maffin/
social_native,Social Native,1613519025,,,,true,https://www.instagram.com/social_native/
miguelsierralta,Miguel Sierralta,13162386,,,,true,https://www.instagram.com/miguelsierralta/
velasvaleria,Velas Valeria,1288659996,,,,true,https://www.instagram.com/velasvaleria/
fluvip,FLUVIP - Influencer Marketing,1370377097,,,,true,https://www.instagram.com/fluvip/
incast.me,@incast.me,1134386728,,,,true,https://www.instagram.com/incast.me/
maiahocando,Maiah Ocando,23705669,,,,true,https://www.instagram.com/maiahocando/
craftychica,Kathy Cano-Murillo,1657978,,,,true,https://www.instagram.com/craftychica/
liz.astorgaa,Liz,1804062931,,,,true,https://www.instagram.com/liz.astorgaa/
enconscienciadespierta,,3029350311,,,,true,https://www.instagram.com/enconscienciadespierta/
lightworkersunite,Lightworkers Unite,5731941035,,,,true,https://www.instagram.com/lightworkersunite/
lightworkerslounge,Lightworkers Lounge,2030526378,,,,true,https://www.instagram.com/lightworkerslounge/
lightworkers,LightWorkers,3965753723,,,,true,https://www.instagram.com/lightworkers/
holisticbusinessassociation,Holistic Business Association,7099763555,,,,true,https://www.instagram.com/holisticbusinessassociation/
alternoamor_,ğ™°ğš•ğšğšğš›ğš—ğš˜ ğ™°ğš–ğš˜ğš›. ğŸ§˜ğŸ»â€â™€ï¸â™¥ ğŸ‡²ğŸ‡½,3923113120,,,,true,https://www.instagram.com/alternoamor_/
magia_astral,Judith Olivares,7436799337,,,,true,https://www.instagram.com/magia_astral/
creatubienestarhoy,Por Argelia Gonzalez,3519064110,,,,true,https://www.instagram.com/creatubienestarhoy/
brwneyedamzn,AnaYelsi Velasco-Sanchez,1370236195,,,,true,https://www.instagram.com/brwneyedamzn/
marinadegiovanni,Marina De Giovanni,286565150,,,,true,https://www.instagram.com/marinadegiovanni/
despertando_consciencia,Lesly S Amaro P ğŸ§¿,1680844150,,,,true,https://www.instagram.com/despertando_consciencia/
soypiensoexisto,AcompanÌƒante BioneuroemocioÌnÂ®,8724412955,,,,true,https://www.instagram.com/soypiensoexisto/
tupodermagnetico,Tu Poder MagnÃ©tico,8589574639,,,,true,https://www.instagram.com/tupodermagnetico/
buenavibra.es,Buena Vibra,2161164378,,,,true,https://www.instagram.com/buenavibra.es/
amateconlocura,AÌmate Con Locura,4354442149,,,,true,https://www.instagram.com/amateconlocura/
amoryconsciencia,Amor y Consciencia ğŸ§‘ğŸ¼â€ğŸ¨âœ¨,8350648166,,,,true,https://www.instagram.com/amoryconsciencia/
viviendo_ando,Humana en evolucion,4144065478,,,,true,https://www.instagram.com/viviendo_ando/
almas_conectadas_,Almas_conectadas_,1285324521,,,,true,https://www.instagram.com/almas_conectadas_/
_ten_fe_,Ten Fe,1715503481,,,,true,https://www.instagram.com/_ten_fe_/
diosesbueno02,Dios es Bueno,3231606526,,,,true,https://www.instagram.com/diosesbueno02/
mejora_y_transforma_tu_vida,Mejora y Transforma Tu Vida,11134389702,,,,true,https://www.instagram.com/mejora_y_transforma_tu_vida/
planetaholistico,Planeta Holistico,2198716983,,,,true,https://www.instagram.com/planetaholistico/
somos.amor.universo,Amor Universo,3177815187,,,,true,https://www.instagram.com/somos.amor.universo/
frasesyreflexionessss,Frases y Reflexiones,8442069123,,,,true,https://www.instagram.com/frasesyreflexionessss/
adarxugur2,Ugur Yilmaz,6966914594,,,,true,https://www.instagram.com/adarxugur2/
massimplecoaching,+Simple,5330123206,,,,true,https://www.instagram.com/massimplecoaching/
reflexiones_para_hoy,Reflexiones para hoy,318943472,,,,true,https://www.instagram.com/reflexiones_para_hoy/
muratcivelek16,Murat CÄ°VELEK ğŸ‡¹ğŸ‡·,19121594896,,,,true,https://www.instagram.com/muratcivelek16/
sibylmarketing,Mentora de copywriting,6032736923,,,,true,https://www.instagram.com/sibylmarketing/
letsconnectshow,Networking / Business,7955049290,,,,true,https://www.instagram.com/letsconnectshow/
duaglysrojas,Duaglys Rojas,8074930290,,,,true,https://www.instagram.com/duaglysrojas/
aquiyallamagazine,A Q U Ã y A L L Ã,7231669288,,,,true,https://www.instagram.com/aquiyallamagazine/
estilodf,EstiloDF,586271099,,,,true,https://www.instagram.com/estilodf/
quiencom,QuieÌn,179592575,,,,true,https://www.instagram.com/quiencom/
holausa,HOLA! USA,3005581882,,,,true,https://www.instagram.com/holausa/
hccmo,Hispanic Chamber- Orlando,342002899,,,,true,https://www.instagram.com/hccmo/
levantatemujer77,Levantate Mujer,5667318239,,,,true,https://www.instagram.com/levantatemujer77/
tunegocioconolga,Olga ğŸ’« â€¢ Emprendedora,262300770,,,,true,https://www.instagram.com/tunegocioconolga/
tiempodemujerinc,Tiempo De Mujer,2831245630,,,,true,https://www.instagram.com/tiempodemujerinc/
theorlandobloggers,Orlando Bloggers,5694798646,,,,true,https://www.instagram.com/theorlandobloggers/
momheels,Mompreneur - Juliana No,4810384441,,,,true,https://www.instagram.com/momheels/
mujeresdewindermere,Mujeres de Windermere,7333051282,,,,true,https://www.instagram.com/mujeresdewindermere/
positiveminds11,Positive Minds,2313708457,,,,true,https://www.instagram.com/positiveminds11/
stay.positive.in.life,Stay Positive In Lifeâ­Mindset,2965842286,,,,true,https://www.instagram.com/stay.positive.in.life/
goodvibes_goodthoughts,Good Vibes,5314258005,,,,true,https://www.instagram.com/goodvibes_goodthoughts/
1strongwomen,Strong Women Quotes,3980790949,,,,true,https://www.instagram.com/1strongwomen/
femalepowerwithin,Female Power,10478445273,,,,true,https://www.instagram.com/femalepowerwithin/
womanceomindset,Paula | Digital Marketing,7956524111,,,,true,https://www.instagram.com/womanceomindset/
herincrediblemindset,Her Incredible Mindset,8239275721,,,,true,https://www.instagram.com/herincrediblemindset/
officiallawtina,LAWTINAÂ®ï¸ OFFICIAL â„¢,10343412236,,,,true,https://www.instagram.com/officiallawtina/
counseling4allseasons,Melissa Lopez |  LCSW,2032528090,,,,true,https://www.instagram.com/counseling4allseasons/
mujeresmarket,Mujeres Market,8919894986,,,,true,https://www.instagram.com/mujeresmarket/
wearemitu,we are mituÌ,1796272782,,,,true,https://www.instagram.com/wearemitu/
mitushop,mitÃº Shop,5726528658,,,,true,https://www.instagram.com/mitushop/
jessiemedinaofficial,Founder | Speaker | Latina,2034734661,,,,true,https://www.instagram.com/jessiemedinaofficial/
laurasierratv,LAURA SIERRA,201040007,,,,true,https://www.instagram.com/laurasierratv/
rasheldiaz,rasheldiaz,10585134,,,,true,https://www.instagram.com/rasheldiaz/
aleortizchagin.tv,Alejandra Ortiz ChagiÌn,23276953,,,,true,https://www.instagram.com/aleortizchagin.tv/
davifalegria,Davina A. Ferreira,1361576735,,,,true,https://www.instagram.com/davifalegria/
alegriamagazine,AlegrÃ­a Bilingual Publishing,344968929,,,,true,https://www.instagram.com/alegriamagazine/
girlboss,GirlbossÂ®,467215583,,,,true,https://www.instagram.com/girlboss/
createcultivate,Create & Cultivate,1476183725,,,,true,https://www.instagram.com/createcultivate/
sololishop,Handmade Hair Accessories,3108809730,,,,true,https://www.instagram.com/sololishop/
maria_la_hinojosa,Maria Hinojosa,237530721,,,,true,https://www.instagram.com/maria_la_hinojosa/
investinglatina,,14895955768,,,,true,https://www.instagram.com/investinglatina/
thebonitaproject,The Bonita Project | PR Agency,6973510320,,,,true,https://www.instagram.com/thebonitaproject/
vivalabonita,Viva La Bonita,21656954,,,,true,https://www.instagram.com/vivalabonita/
mimconnect,Mimconnect,2673477475,,,,true,https://www.instagram.com/mimconnect/
thegirlsroomnyc,TheGirlsRoom,5864875184,,,,true,https://www.instagram.com/thegirlsroomnyc/
sehablausa,Se Habla USA,7081981491,,,,true,https://www.instagram.com/sehablausa/
peoplechica,Chica,3967215300,,,,true,https://www.instagram.com/peoplechica/
fiercebymitu,FIERCE by mituÌ,4647845607,,,,true,https://www.instagram.com/fiercebymitu/
theluzcollective,Luz Collective,8449481881,,,,true,https://www.instagram.com/theluzcollective/
hip_latina,HipLatina,1462588398,,,,true,https://www.instagram.com/hip_latina/
latinaapproved,Latina Approved â„¢,8394297761,,,,true,https://www.instagram.com/latinaapproved/
latinafest,LATINA FEST ğŸ’–â„¢ï¸,8124808274,,,,true,https://www.instagram.com/latinafest/
retosholisticos,Retos HolÃ­sticos,24381552873,,,,true,https://www.instagram.com/retosholisticos/
latinasusa2019,Latinas-USA,16569870606,,,,true,https://www.instagram.com/latinasusa2019/
mujeresquedespiertan,Mujeres Que Despiertan,3591599064,,,,true,https://www.instagram.com/mujeresquedespiertan/
layogini,ğ“‹¹ LaYogini Wellness,944344848,,,,true,https://www.instagram.com/layogini/
milahermont,Silhouette ScanNcut Scrapbook,3156024518,,,,true,https://www.instagram.com/milahermont/
expomujerintl,Expo Mujer Internacional,15177458697,,,,true,https://www.instagram.com/expomujerintl/
neomujerusa,Neo Mujer USA | Latinas En USA,1301788186,,,,true,https://www.instagram.com/neomujerusa/
m10ods,M10ods Networking Sostenible,9157129229,,,,true,https://www.instagram.com/m10ods/
empoderarse,EmpoderaRSE,1751621953,,,,true,https://www.instagram.com/empoderarse/
anagamba_enequilibrio,Ana Gamba | Mentora De Mujeres,22882025,,,,true,https://www.instagram.com/anagamba_enequilibrio/
laingarciacalvo,Autor de ğŸ’™LA VOZ DE TU ALMAğŸ’™,629398627,,,,true,https://www.instagram.com/laingarciacalvo/
marielyscoach,Marketing Espiritual,190570472,,,,true,https://www.instagram.com/marielyscoach/
drehoffmann.holistic,Hoffmann Healing System,385074258,,,,true,https://www.instagram.com/drehoffmann.holistic/
shemprendedoras,Hispanas Emprendedoras,3683342347,,,,true,https://www.instagram.com/shemprendedoras/
mujeresdigitalesacademy,Escuela de copywriting,11113489414,,,,true,https://www.instagram.com/mujeresdigitalesacademy/
aileen_abella,Aileen Abella,429109202,,,,true,https://www.instagram.com/aileen_abella/
linkedmiami,ÊŸÉªÉ´á´‹á´‡á´… Agency,175886784,,,,true,https://www.instagram.com/linkedmiami/
christina.balinotti,Christina Balinotti,1589141056,,,,true,https://www.instagram.com/christina.balinotti/
latinascoffee,L A T I N A S  C O F F E Eâ˜•ï¸,8410650693,,,,true,https://www.instagram.com/latinascoffee/
soycybermujer,Erika Montero #Cursosonline,4380274537,,,,true,https://www.instagram.com/soycybermujer/
festivalcolombianoboston,FESTIVAL COLOMBIANO BOSTON,3056493715,,,,true,https://www.instagram.com/festivalcolombianoboston/
colombian_americanri,The Colombian American RI,5414802188,,,,true,https://www.instagram.com/colombian_americanri/
latinaleaders_leaving_legacy,Rose ğŸ‘¸,6135896037,,,,true,https://www.instagram.com/latinaleaders_leaving_legacy/
taniabaezhg,Tania BaÌez,211075102,,,,true,https://www.instagram.com/taniabaezhg/
almaplastia,Jissell Espinal,636211204,,,,true,https://www.instagram.com/almaplastia/
wendyccalvo,Wendy Calvo ğŸ‡©ğŸ‡´ Pasiones,300047960,,,,true,https://www.instagram.com/wendyccalvo/
giannyliranzo,Mentora de Emprendedoras,5842961275,,,,true,https://www.instagram.com/giannyliranzo/
girlsbuildingempires,Girls Building Empires,3596349776,,,,true,https://www.instagram.com/girlsbuildingempires/
calm,Calm,1294963609,,,,true,https://www.instagram.com/calm/
classycareergirl,Classy Career GirlÂ®,3289096,,,,true,https://www.instagram.com/classycareergirl/
lhagenda,LH AGENDA,1591035421,,,,true,https://www.instagram.com/lhagenda/
iamwellandgood,Well+Good,2466792,,,,true,https://www.instagram.com/iamwellandgood/
theeverygirl,The Everygirl,15228231,,,,true,https://www.instagram.com/theeverygirl/
forproductions,Diana Castro Video ğŸ¥,1148873527,,,,true,https://www.instagram.com/forproductions/
telemundo51,Telemundo51,1723798067,,,,true,https://www.instagram.com/telemundo51/
univision23,Univision 23 Miami,193639416,,,,true,https://www.instagram.com/univision23/
univisionfamosos,Univision Famosos,1780683044,,,,true,https://www.instagram.com/univisionfamosos/
elnewscafe,El News Cafe,5793113937,,,,true,https://www.instagram.com/elnewscafe/
mujeremprendelatina,Mujer Emprende Latina,3523464481,,,,true,https://www.instagram.com/mujeremprendelatina/
kikarocha_,Kika Rocha,16492705,,,,true,https://www.instagram.com/kikarocha_/
marinesduarte,MarineÌs Duarte,339672945,,,,true,https://www.instagram.com/marinesduarte/
somosalmaaa,SOMOS ALMA,3593589016,,,,true,https://www.instagram.com/somosalmaaa/
dantegebeloficial,Dante Gebel,5590801641,,,,true,https://www.instagram.com/dantegebeloficial/
ladoctoraamor,Cecilia Alegria,2117057828,,,,true,https://www.instagram.com/ladoctoraamor/
alejandrasastre.mkt,Alejandra Sastre,3537100588,,,,true,https://www.instagram.com/alejandrasastre.mkt/
barbaraeserrano,â„¬ğ’¶ğ“‡ğ’·ğ’¶ğ“‡ğ’¶ ğ’®â„¯ğ“‡ğ“‡ğ’¶ğ“ƒâ„´ğŸ’¸,233547578,,,,true,https://www.instagram.com/barbaraeserrano/
mafelopeztv,Maria Fernanda Lopez,631505216,,,,true,https://www.instagram.com/mafelopeztv/
hernanorjuelab,HernaÌn Orjuela,37126653,,,,true,https://www.instagram.com/hernanorjuelab/
alexandraramirezoficial,Alexandra RamÃ­rez | FINANZAS ğŸ’°,634057457,,,,true,https://www.instagram.com/alexandraramirezoficial/
lamujerdelosnegocios,Roxana Castillo Falcon,1521573708,,,,true,https://www.instagram.com/lamujerdelosnegocios/
mujerlatinausa,Mujer Latina USA,1956721851,,,,true,https://www.instagram.com/mujerlatinausa/
holatv,Cuenta Oficial de Â¡HOLA! TV,1066109239,,,,true,https://www.instagram.com/holatv/
siempremujer,Siempre Mujer,263412278,,,,true,https://www.instagram.com/siempremujer/
lacocinadevero,Veronica Cervera,21467902,,,,true,https://www.instagram.com/lacocinadevero/
_jensegura_,Jennifer Segura âœ¨,27733844,,,,true,https://www.instagram.com/_jensegura_/
amo.todo.de.ti_,Amo todo de tiâ¤,11601576479,,,,true,https://www.instagram.com/amo.todo.de.ti_/
jamesclear,James Clear,419867576,,,,true,https://www.instagram.com/jamesclear/
goddess.is.within,The Goddess Within ğŸ’«,18242663981,,,,true,https://www.instagram.com/goddess.is.within/
mindfulness.exercises,Mindfulness Exercises,4217920028,,,,true,https://www.instagram.com/mindfulness.exercises/
tribu.femenina,TRIBU FEMENINA,3982739887,,,,true,https://www.instagram.com/tribu.femenina/
con5entidos,Maria Fernanda Camacho A.,4184133141,,,,true,https://www.instagram.com/con5entidos/
cnmbenoffside,Emin RotasÄ±z ğŸ‡¹ğŸ‡·,4629538537,,,,true,https://www.instagram.com/cnmbenoffside/
chispitas_de_angeles_,MODO YESSSğŸ”¥ğŸ”¥,3594161822,,,,true,https://www.instagram.com/chispitas_de_angeles_/
mandalas_y_crecer,Evolucion/Paz y Amor â˜¯ï¸,4768648691,,,,true,https://www.instagram.com/mandalas_y_crecer/
metafisicaa,â˜†Mariela Losimi ğŸ§¿Mâ˜† Argentina,4241493305,,,,true,https://www.instagram.com/metafisicaa/
sentidopositivo,Sentido PositivoğŸŒ·,7141360003,,,,true,https://www.instagram.com/sentidopositivo/
angelicabovino,AngeÌlica Bovino,1986713277,,,,true,https://www.instagram.com/angelicabovino/
elamoresmagiaa,EL AMOR ES MAGIA,4729049089,,,,true,https://www.instagram.com/elamoresmagiaa/
conciencia_holistica,Concienca HolÃ­stica,7616432469,,,,true,https://www.instagram.com/conciencia_holistica/
espaciodemafe,Mafe Abreu | ASTROLOGIA,203835456,,,,true,https://www.instagram.com/espaciodemafe/
mentepositivarz,ğŸ§¿ Gabriela Gueiman Â®ï¸,8634125046,,,,true,https://www.instagram.com/mentepositivarz/
magma.espiritual,LUIS OSORIO - Espiritualidad,8475104588,,,,true,https://www.instagram.com/magma.espiritual/
terapiaholistica_,Dani Ocampo T ğŸ¦‹ Bienestar,754667375,,,,true,https://www.instagram.com/terapiaholistica_/
tribuholistica,Tribu HolÃ­stica,3947432569,,,,true,https://www.instagram.com/tribuholistica/
meditaluz,Alma - MeditaLuzÂ®,580593446,,,,true,https://www.instagram.com/meditaluz/
sagradamujerlunar,La Mujer Lunar,4050431111,,,,true,https://www.instagram.com/sagradamujerlunar/
decretosyafirmaciones,Decretos y Afirmaciones,10240720889,,,,true,https://www.instagram.com/decretosyafirmaciones/
reina_abundancia,Reina de la Abundancia,1549168108,,,,true,https://www.instagram.com/reina_abundancia/
culturapositiva,Cultura Positiva,7016705869,,,,true,https://www.instagram.com/culturapositiva/
redespiritual,Red Espiritual,5373240991,,,,true,https://www.instagram.com/redespiritual/
_soyespiritual,Soy Espiritual ğŸ™,1593735624,,,,true,https://www.instagram.com/_soyespiritual/
dorieclark,Dorie Clark,2154203582,,,,true,https://www.instagram.com/dorieclark/
thedawnproject,The Dawn Project,6345559902,,,,true,https://www.instagram.com/thedawnproject/
arielleford44,Arielle Ford,1938133198,,,,true,https://www.instagram.com/arielleford44/
danimarte,Daniela MartÃ©n Rothe,192819078,,,,true,https://www.instagram.com/danimarte/
kvministries,Kris Vallotton,1171276751,,,,true,https://www.instagram.com/kvministries/
pstroybrewer,Troy Brewer,3926443790,,,,true,https://www.instagram.com/pstroybrewer/
mujer_iniciada,Carmen Paz,19152088943,,,,true,https://www.instagram.com/mujer_iniciada/
desberman,Destinee | Entrepreneur,23486355,,,,true,https://www.instagram.com/desberman/
shawnbolz,Shawn Bolz,11308810,,,,true,https://www.instagram.com/shawnbolz/
hanina79,hanina79ğŸ‡²ğŸ‡¦ ğŸ‡ªğŸ‡¸,3165341662,,,,true,https://www.instagram.com/hanina79/
_mirate_miranos_,amor.propio,20000392917,,,,true,https://www.instagram.com/_mirate_miranos_/
sandracorcuera,Comunicadora | Wellness LoverğŸŒº,14332881,,,,true,https://www.instagram.com/sandracorcuera/
ediycon,Ediycon - Editorial,17411373743,,,,true,https://www.instagram.com/ediycon/
officialpetalatino,PETA Latino,703403661,,,,true,https://www.instagram.com/officialpetalatino/
palomeragroup,Palomera Group,614240647,,,,true,https://www.instagram.com/palomeragroup/
alepalomera1,Alejandra Rodriguez,615810761,,,,true,https://www.instagram.com/alepalomera1/
alfonsoleon10,ALFONSO LEOÌN,262963414,,,,true,https://www.instagram.com/alfonsoleon10/
jeannestreetmedium,Jeanne Street,2060463346,,,,true,https://www.instagram.com/jeannestreetmedium/
angelsglow7,Virna Elisa Torres S,401465130,,,,true,https://www.instagram.com/angelsglow7/
alexandrapereira,Alexandra Pereira,13376120,,,,true,https://www.instagram.com/alexandrapereira/
maximilian_ulanoff,Maximilian Ulanoff,276177198,,,,true,https://www.instagram.com/maximilian_ulanoff/
lilianaacostacoach,Liliana Acosta,11602393676,,,,true,https://www.instagram.com/lilianaacostacoach/
socialyte,Socialyte,10781785,,,,true,https://www.instagram.com/socialyte/
rezandovoy_app,â–¶ï¸ REZANDOVOY,22213172815,,,,true,https://www.instagram.com/rezandovoy_app/
rebeccacampbell_author,Rebecca Campbell,949673,,,,true,https://www.instagram.com/rebeccacampbell_author/
lidarias,Lida Arias | Mentora de Ventas,533441804,,,,true,https://www.instagram.com/lidarias/
jltradiomiami,JLTRADIO,1403740180,,,,true,https://www.instagram.com/jltradiomiami/
spiritualpeople,Spiritual People,4162144854,,,,true,https://www.instagram.com/spiritualpeople/
markwschaefer,Mark Schaefer,18650777,,,,true,https://www.instagram.com/markwschaefer/
kellycalle_,Kelly Berthany Calle,2111169922,,,,true,https://www.instagram.com/kellycalle_/
kellycallealphafemme,KELLY CALLE,7126247566,,,,true,https://www.instagram.com/kellycallealphafemme/
psychic.medium.christina.eagle,Eagle Medicine PsychicReadings,1829497258,,,,true,https://www.instagram.com/psychic.medium.christina.eagle/
sandraluxhair,Sandra Roxo,971817761,,,,true,https://www.instagram.com/sandraluxhair/
mpaulacamacho,MariaPau | La Etiquette,326309414,,,,true,https://www.instagram.com/mpaulacamacho/
jordenmakelle,Dallas singer-songwriter,2522311929,,,,true,https://www.instagram.com/jordenmakelle/
naininakagawa_matchmyspirit,Naini Nakagawa Matchmyspirit,1544493204,,,,true,https://www.instagram.com/naininakagawa_matchmyspirit/
univisionnow,Univision App,5452068267,,,,true,https://www.instagram.com/univisionnow/
elevatetheday,Jennifer Covello,5445293983,,,,true,https://www.instagram.com/elevatetheday/
hma__accesorios,Heartmadeaccesorios@gmail.comğŸ“¨,1144144447,,,,true,https://www.instagram.com/hma__accesorios/
lizamariani,lizamariani,55308010,,,,true,https://www.instagram.com/lizamariani/
lunaprosperity,luna prosperity,2283285300,,,,true,https://www.instagram.com/lunaprosperity/
thechristinekane,Christine Kane,247324512,,,,true,https://www.instagram.com/thechristinekane/
danielleleslie,DANIELLE â™¦ï¸ Online Courses,5217881,,,,true,https://www.instagram.com/danielleleslie/
motherearthgalleryct,Mother Earth Gallery,3628949004,,,,true,https://www.instagram.com/motherearthgalleryct/
luminainc,Lumina,6319956250,,,,true,https://www.instagram.com/luminainc/
faceyogamethod,Fumiko Takatsu | Founder,4143713418,,,,true,https://www.instagram.com/faceyogamethod/
annelise_hagen,YogağŸ§˜â€â™€ï¸Face,475191667,,,,true,https://www.instagram.com/annelise_hagen/
grisynava,Grisy Nava Oficial,8665051439,,,,true,https://www.instagram.com/grisynava/
cats_usa_,cats usa ğŸ‡ºğŸ‡¸,11102687270,,,,true,https://www.instagram.com/cats_usa_/
extraordinaria.es,EXTRAORDINARIAÂ®,1592978008,,,,true,https://www.instagram.com/extraordinaria.es/
gemmafillol,MARCA & MARKETING EMOCIONAL,191716064,,,,true,https://www.instagram.com/gemmafillol/
canticosworld,ğŸ¶ Canticos ğŸ¶,2680619236,,,,true,https://www.instagram.com/canticosworld/
magiadelsilencio,La Magia del Silencio,2218256606,,,,true,https://www.instagram.com/magiadelsilencio/
caritosan,Carolina Rincon Sato,45073703,,,,true,https://www.instagram.com/caritosan/
janefriedman,Jane Friedman,687339,,,,true,https://www.instagram.com/janefriedman/
selfpubform,Self Publishing Formula,5725844327,,,,true,https://www.instagram.com/selfpubform/
jfpennauthor,Jo Penn. Books And Travel,860184419,,,,true,https://www.instagram.com/jfpennauthor/
yvetteluciano,Yvette Luciano,13107187,,,,true,https://www.instagram.com/yvetteluciano/
aideencbyrne,Aideen Byrne,523663912,,,,true,https://www.instagram.com/aideencbyrne/
pearl.byr,Pearl,210205220,,,,true,https://www.instagram.com/pearl.byr/
drtonyevans,Tony Evans,189892057,,,,true,https://www.instagram.com/drtonyevans/
philipbaileyewf,Philip J. Bailey,1977553450,,,,true,https://www.instagram.com/philipbaileyewf/
earthwindandfire,Earth |  Wind & Fire,185250137,,,,true,https://www.instagram.com/earthwindandfire/
yuly.giraldog,Capacitadora Imagen Personal,347847320,,,,true,https://www.instagram.com/yuly.giraldog/
anellawetter,Anella Wetter,4370366342,,,,true,https://www.instagram.com/anellawetter/
tutifurlan,Tuti FurlÃ¡n,288900991,,,,true,https://www.instagram.com/tutifurlan/
esperanzacruztanatologa,Esperanza Cruz,1834449655,,,,true,https://www.instagram.com/esperanzacruztanatologa/
mananasconuno,En las MaÃ±anas con Uno,978985239,,,,true,https://www.instagram.com/mananasconuno/
enric_corbera,Enric Corbera Oficial,1683407921,,,,true,https://www.instagram.com/enric_corbera/
90dayfiancenews,90 Day Fiance Updates,2287942980,,,,true,https://www.instagram.com/90dayfiancenews/
embodied_feminine_woman,Giordana Toccaceli,4469522806,,,,true,https://www.instagram.com/embodied_feminine_woman/
lalibreriadeana,La libreriÌa de Ana,9267501529,,,,true,https://www.instagram.com/lalibreriadeana/
natyecheverrig,Natalia Echeverri GarcÃ­a,1014564764,,,,true,https://www.instagram.com/natyecheverrig/
mindalia_com,Mindalia y Mindalia TelevisiÃ³n,2259119411,,,,true,https://www.instagram.com/mindalia_com/
cirugiaplastica.medellin,CirugiÌa PlaÌstica Medellin,1928357625,,,,true,https://www.instagram.com/cirugiaplastica.medellin/
nirvanaquestcbd,NIRVANA QUEST,6153309318,,,,true,https://www.instagram.com/nirvanaquestcbd/
colettebaron_reid,Colette Baron-Reid,480842674,,,,true,https://www.instagram.com/colettebaron_reid/
johnmedium,John Holland,235102862,,,,true,https://www.instagram.com/johnmedium/
hollywoodmedium,,5018732839,,,,true,https://www.instagram.com/hollywoodmedium/
theresacaputo,theresacaputo,30028287,,,,true,https://www.instagram.com/theresacaputo/
tylerhenrymedium,Tyler Henry,484168712,,,,true,https://www.instagram.com/tylerhenrymedium/
filbogota,Feria del Libro BogotaÌ,1742045431,,,,true,https://www.instagram.com/filbogota/
daniel.gambartte,Daniel Gambartte,8509550946,,,,true,https://www.instagram.com/daniel.gambartte/
sandraflorezofficial,Sandra Florez Life Coach,5624601198,,,,true,https://www.instagram.com/sandraflorezofficial/
amalabeauty,Amala Beauty,541854687,,,,true,https://www.instagram.com/amalabeauty/
conectateangeles,TeresaSalazar - ReikiAngelical,4445044224,,,,true,https://www.instagram.com/conectateangeles/
kripalucenter,Center for Yoga & Health,319967328,,,,true,https://www.instagram.com/kripalucenter/
mamamedita,Noe Plebani ğŸ§¿,457270201,,,,true,https://www.instagram.com/mamamedita/
rafaelnadal,Rafa Nadal,1938502255,,,,true,https://www.instagram.com/rafaelnadal/
beronicaladino,Beronica Ladino,1297619823,,,,true,https://www.instagram.com/beronicaladino/
ananietochurruca,Ana Nieto Churruca,550064875,,,,true,https://www.instagram.com/ananietochurruca/
wearegaia,Gaia,15562957,,,,true,https://www.instagram.com/wearegaia/
simple7digital,Simple 7 Digital,1531594583,,,,true,https://www.instagram.com/simple7digital/
clauserratomanager,ğ—–ğ—¹ğ—®ğ˜‚ğ—±ğ—¶ğ—® ğ—¦ğ—²ğ—¿ğ—¿ğ—®ğ˜ğ—¼ ğŸŒŸ,277948605,,,,true,https://www.instagram.com/clauserratomanager/
birkantore,Birkan Tore,54975179,,,,true,https://www.instagram.com/birkantore/
instagramforbusiness,Instagram for Business,1107766105,,,,true,https://www.instagram.com/instagramforbusiness/
sabra.shares,SABRA ğŸŒ¿,269243136,,,,true,https://www.instagram.com/sabra.shares/
danimorenostyle,Daniela Moreno,280386230,,,,true,https://www.instagram.com/danimorenostyle/
mundopranico,ğŸŒ Mundo PrÃ¡nico ğŸŒ,2875312942,,,,true,https://www.instagram.com/mundopranico/
bizgonesocial,Lorraine Duncan,3510728513,,,,true,https://www.instagram.com/bizgonesocial/
begenerationlove,ğŸ‘Espiritualidad Moderna,1113791968,,,,true,https://www.instagram.com/begenerationlove/
psychicdeborahgraham,Psychic Deborah Graham,2128672761,,,,true,https://www.instagram.com/psychicdeborahgraham/
pina_salud_belleza_y_cocina,Pina,8567592943,,,,true,https://www.instagram.com/pina_salud_belleza_y_cocina/
yung_pueblo,yung pueblo,280784632,,,,true,https://www.instagram.com/yung_pueblo/
nikkinovo,Nikki Novo,27120438,,,,true,https://www.instagram.com/nikkinovo/
revistauniversoholistico,Revista Universo HolÃ­stico,7700691983,,,,true,https://www.instagram.com/revistauniversoholistico/
mjflaque,Maria Jose Flaque ğŸ’«,330428389,,,,true,https://www.instagram.com/mjflaque/
rcnmundo,RCN Mundo ğŸŒ,518098633,,,,true,https://www.instagram.com/rcnmundo/
cata_117,CataPdLP,270603779,,,,true,https://www.instagram.com/cata_117/
liamcarncottle,Liam Cottle,568817430,,,,true,https://www.instagram.com/liamcarncottle/
beatriz.h.vasquez,Beatriz Helena Vasquez,8509928890,,,,true,https://www.instagram.com/beatriz.h.vasquez/
sandrapaolareal,Sandra Paola Real,247502519,,,,true,https://www.instagram.com/sandrapaolareal/
andrea.delamora,Andrea de la Mora | ğŸ§˜ğŸ¼â€â™€ï¸à« â˜½,10902855,,,,true,https://www.instagram.com/andrea.delamora/
otherworldlyelements,Michaela Brown,197036681,,,,true,https://www.instagram.com/otherworldlyelements/
consciouslifeexpo,Conscious Life Expo,302611562,,,,true,https://www.instagram.com/consciouslifeexpo/
nataliabonillainc,Natalia Bonilla,6623691916,,,,true,https://www.instagram.com/nataliabonillainc/
blogilates,Cassey Ho,145441810,,,,true,https://www.instagram.com/blogilates/
thredup,thredUP,264502525,,,,true,https://www.instagram.com/thredup/
russ_mayfield,Russ Mayfield,254604640,,,,true,https://www.instagram.com/russ_mayfield/
coachalfonsoguerrero,Alfonso Guerrero,371965654,,,,true,https://www.instagram.com/coachalfonsoguerrero/
asisoymujer,Revista AsiÌ Soy Mujer,2071750962,,,,true,https://www.instagram.com/asisoymujer/
amorendibujos,ILUSTRACIONES - DIBUJOS,4070395927,,,,true,https://www.instagram.com/amorendibujos/
carolaabril,Carola Abril - Papercraf,627765773,,,,true,https://www.instagram.com/carolaabril/
everydollar,EveryDollar,3287536443,,,,true,https://www.instagram.com/everydollar/
at_estudio,AndrÃ©s Torrents,1707093393,,,,true,https://www.instagram.com/at_estudio/
karimtemple,Karim Temple | Life Coach,301431388,,,,true,https://www.instagram.com/karimtemple/
auritaro,ART,222767638,,,,true,https://www.instagram.com/auritaro/
weallgrowlatina,#WeAllGrow LatinaÂ®ï¸,229426882,,,,true,https://www.instagram.com/weallgrowlatina/
guillermo_arriaga_jordan,Guillermo Arriaga,4349105729,,,,true,https://www.instagram.com/guillermo_arriaga_jordan/
anaxoliveros,Ana X Oliveros,1017475111,,,,true,https://www.instagram.com/anaxoliveros/
beatriz_vasquez_godoy,Beatriz Helena Vasquez,2164584922,,,,true,https://www.instagram.com/beatriz_vasquez_godoy/
projecthappiness_org,Project Happiness,640007579,,,,true,https://www.instagram.com/projecthappiness_org/
stepharnold37,Stephanie Arnold,840588012,,,,true,https://www.instagram.com/stepharnold37/
allegrapacheco,Allegra Pacheco,4989566,,,,true,https://www.instagram.com/allegrapacheco/
lauragogo_,Laura GoÌmez ğŸª,411062602,,,,true,https://www.instagram.com/lauragogo_/
yoga.store,Yoga Store,1549536871,,,,true,https://www.instagram.com/yoga.store/
waltermercadotv,Walter Mercado,1538059453,,,,true,https://www.instagram.com/waltermercadotv/
folks.woods,ğŸ›¸,18908582,,,,true,https://www.instagram.com/folks.woods/
anasbookishlife,ğ™°ğš—ğšŠ'ğšœ ğš‹ğš˜ğš˜ğš”ğš’ğšœğš‘ ğš•ğš’ğšğš,5683594688,,,,true,https://www.instagram.com/anasbookishlife/
libroslowcost,Libros & Co.,6257198475,,,,true,https://www.instagram.com/libroslowcost/
books_and_others,Valentina | Chile ğŸ‡¨ğŸ‡±,2934646067,,,,true,https://www.instagram.com/books_and_others/
losmejores.libros,Sofi | Los Mejores Librosâœ¨ğŸ‡¦ğŸ‡·,6399615374,,,,true,https://www.instagram.com/losmejores.libros/
awakeningpeople,Awakening People,2159182874,,,,true,https://www.instagram.com/awakeningpeople/
lina.will,Lina Willman,4217934219,,,,true,https://www.instagram.com/lina.will/
stephysanacion,Stephy Sandoval - SanaciÃ³n,4749110988,,,,true,https://www.instagram.com/stephysanacion/
fengshuipanama,Feng Shui PanamaÌ,1793710610,,,,true,https://www.instagram.com/fengshuipanama/
escencysclinic,Escencys Clinic,42233085,,,,true,https://www.instagram.com/escencysclinic/
mividailuminada,Ale Karam  | Sanadora ğŸ’«,7348536367,,,,true,https://www.instagram.com/mividailuminada/
jennyirmler_11,Jenny Irmler || Health Coach,2094724285,,,,true,https://www.instagram.com/jennyirmler_11/
jclavijo1,Jairo Clavijo,188056535,,,,true,https://www.instagram.com/jclavijo1/
patriciaryanreymore,Patricia Ryan,198792682,,,,true,https://www.instagram.com/patriciaryanreymore/
sonimaferrufino,SONIMA,351701258,,,,true,https://www.instagram.com/sonimaferrufino/
seiki_sagradoespaciointerior,Andrea CueÌllar B.,971663195,,,,true,https://www.instagram.com/seiki_sagradoespaciointerior/
stefstarrt_,Stef Starr Trujillo,359487688,,,,true,https://www.instagram.com/stefstarrt_/
despertar.cuantico,Consultoria Astrologica,4114132248,,,,true,https://www.instagram.com/despertar.cuantico/
beatriz.luzdeamor,Beatriz VaÌsquez (La peque),5779748647,,,,true,https://www.instagram.com/beatriz.luzdeamor/
progman235,Steve Kranzlin,7289487458,,,,true,https://www.instagram.com/progman235/
pere_pascuet,Pere Pascuet,4739434080,,,,true,https://www.instagram.com/pere_pascuet/
nuria.lopez.7334,Nuria LoÌpez,1422296589,,,,true,https://www.instagram.com/nuria.lopez.7334/
natiromerorosa,Natalia Romero RosanÃ­a,295257809,,,,true,https://www.instagram.com/natiromerorosa/
dianersale,Diana Macias,529184290,,,,true,https://www.instagram.com/dianersale/
penguinaudio,Penguin Audio,2218944786,,,,true,https://www.instagram.com/penguinaudio/
terrisavellefoy,Terriâ€¢Christian Success Coach,46197696,,,,true,https://www.instagram.com/terrisavellefoy/
revistajetset,Revista Jet-Set,360037221,,,,true,https://www.instagram.com/revistajetset/
carascolombia,Revista CARAS,2201218382,,,,true,https://www.instagram.com/carascolombia/
tvynovelas,TVyNovelas,264953021,,,,true,https://www.instagram.com/tvynovelas/
lindsaybhoffman,Lindsay Hoffman,185303588,,,,true,https://www.instagram.com/lindsaybhoffman/
livepurejenna,âˆâƒâ€¢Jenna Davilaâ€¢âƒâˆ,15002171,,,,true,https://www.instagram.com/livepurejenna/
thedarlingtree,â˜… THE DARLING TREE â„¢ â˜¾,1342618,,,,true,https://www.instagram.com/thedarlingtree/
wildsensitivesouls,Lisa Nagel,2937737947,,,,true,https://www.instagram.com/wildsensitivesouls/
mysticmamma,MYSTIC MAMMA,174932562,,,,true,https://www.instagram.com/mysticmamma/
energymuse,Energy Muse,11718638,,,,true,https://www.instagram.com/energymuse/
soulsistercircle,Soul Sister CircleÂ®,1327472349,,,,true,https://www.instagram.com/soulsistercircle/
bn_kendall,Barnes & Noble Kendall,2290791099,,,,true,https://www.instagram.com/bn_kendall/
napoleon_hill_foundation,The Napoleon Hill Foundation,1525497991,,,,true,https://www.instagram.com/napoleon_hill_foundation/
derechodeautor,DireccioÌn de Derecho de Autor,1403889196,,,,true,https://www.instagram.com/derechodeautor/
whitelemonstudios,White Lemon Recording Studiosâ„¢,390418447,,,,true,https://www.instagram.com/whitelemonstudios/
picjumbo,Free Stock Photos ğŸ“¸,2263204247,,,,true,https://www.instagram.com/picjumbo/
plenitud_y_armonia,Plenitud Y Armonia ğŸŒ€,1678634068,,,,true,https://www.instagram.com/plenitud_y_armonia/
paulocoelhoquote,Paulo Coelho The Alchemist,1429870145,,,,true,https://www.instagram.com/paulocoelhoquote/
angelitaussa,Angela C. Ussa Vargas,5681359659,,,,true,https://www.instagram.com/angelitaussa/
luzgu1,Luz,2496219140,,,,true,https://www.instagram.com/luzgu1/
lilydaleassembly,Lily Dale Assembly,3080486942,,,,true,https://www.instagram.com/lilydaleassembly/
viky.eugenia24,,1709487481,,,,true,https://www.instagram.com/viky.eugenia24/
marisalazarsu,Maricel Salazar,1974992268,,,,true,https://www.instagram.com/marisalazarsu/
lucitalondono,Lucita,1043316275,,,,true,https://www.instagram.com/lucitalondono/
imagenesdelatierra,Imagenes de la Tierra,3679692457,,,,true,https://www.instagram.com/imagenesdelatierra/
esmihappylandia,ğŸ¡ ğ‘¯ğ’‚ğ’‘ğ’‘ğ’šğ’ğ’‚ğ’ğ’…ğ’Šğ’‚ ğŸ¡,2173783132,,,,true,https://www.instagram.com/esmihappylandia/
notevares,Guia Comercial y Turistica,4089657760,,,,true,https://www.instagram.com/notevares/
elcanaldelosemprendedores,Negocios Emprendedores,5727854852,,,,true,https://www.instagram.com/elcanaldelosemprendedores/
pradasore,soreğŸŒ¹ğŸ€ğŸ˜,231463439,,,,true,https://www.instagram.com/pradasore/
ohnana_med,OHâ€¢NANA,5721852118,,,,true,https://www.instagram.com/ohnana_med/
laddy2015,,1777932795,,,,true,https://www.instagram.com/laddy2015/
mariafajardoolarte,Maria Camila Fajardo Olarte,1197757426,,,,true,https://www.instagram.com/mariafajardoolarte/
mauriciovilar1,Mauricio Vilar,1826817884,,,,true,https://www.instagram.com/mauriciovilar1/
dennisrs17,Dennis Rodriguez,5494893746,,,,true,https://www.instagram.com/dennisrs17/
esencia_divina_boutique,DivineEssence | Change of tattoo,2236555542,,,,true,https://www.instagram.com/esencia_divina_boutique/
el_costurero_mv,el_costurero,2155360817,,,,true,https://www.instagram.com/el_costurero_mv/
roldan1433,sergio roldan,5825791288,,,,true,https://www.instagram.com/roldan1433/
mary111010,Maria Emilia,1081591490,,,,true,https://www.instagram.com/mary111010/
liliana2med,Liliana Medellin,1694283152,,,,true,https://www.instagram.com/liliana2med/
analupinzon,ğŸ’“â’¶â“â“â“›uÌ â€¢ â“Ÿâ“â“›â“â“œâ“ & â“–â“¤â“â““â“â“›â“¤â“Ÿâ“”ğŸ’“,226632677,,,,true,https://www.instagram.com/analupinzon/
latinovoices,HuffPost Latino Voices,39878700,,,,true,https://www.instagram.com/latinovoices/
officialbeliefnet,Beliefnet,1514854079,,,,true,https://www.instagram.com/officialbeliefnet/
santitosweb,SANTITOSWEB,3256278271,,,,true,https://www.instagram.com/santitosweb/
puntoyparte,PUNTO Y PARTE,1770306286,,,,true,https://www.instagram.com/puntoyparte/
klahut1111,Claudy,1697651384,,,,true,https://www.instagram.com/klahut1111/
prognosisnewyork,Prognosis,5425211456,,,,true,https://www.instagram.com/prognosisnewyork/
prognosismusic,Robert Russell,3588286611,,,,true,https://www.instagram.com/prognosismusic/
tatiarias_,Tatiana Arias,566089631,,,,true,https://www.instagram.com/tatiarias_/
arcoirisgirasol,ğŸŒˆARCOIÌRIS GIRASOLğŸŒ»,3034678689,,,,true,https://www.instagram.com/arcoirisgirasol/
yosoyelyo_,Yo Soy el Yo - Angela Naranjo,2256696540,,,,true,https://www.instagram.com/yosoyelyo_/
mi_universo_zen,Mi Universo Zen,1405888826,,,,true,https://www.instagram.com/mi_universo_zen/
hadamusica,Hada CÃ³smica,259495215,,,,true,https://www.instagram.com/hadamusica/
pazinterior,á´˜á´€á´¢ÉªÉ´á´›á´‡Ê€Éªá´Ê€,296725721,,,,true,https://www.instagram.com/pazinterior/
mujerholistica,Mujer HoliÌstica,1057945760,,,,true,https://www.instagram.com/mujerholistica/
angelesdemariel,ğ“œğ“ªğ“»ğ“²ğ“®ğ“µ ğ“¢ğ“ªğ“µğ“ªğ“¶ğ“ªğ“·ğ“¬ğ“ª âœ¨,283201293,,,,true,https://www.instagram.com/angelesdemariel/
claritaramirezsantofimio,Clara Isabel Ramirez,532850708,,,,true,https://www.instagram.com/claritaramirezsantofimio/
serialbibliophile,,193628154,,,,true,https://www.instagram.com/serialbibliophile/
yenka30,Yenny Amaya,2235167994,,,,true,https://www.instagram.com/yenka30/
givemeabookplease,R. ğŸŒ¸,284872827,,,,true,https://www.instagram.com/givemeabookplease/
nostalgiadelibros,Nostalgia de libros ğŸ“š  ğŸ‡¨ğŸ‡±,1530623256,,,,true,https://www.instagram.com/nostalgiadelibros/
edicionesbarg,Ediciones B Argentina,3127770299,,,,true,https://www.instagram.com/edicionesbarg/
queleer,QuÃ©Leer,177492993,,,,true,https://www.instagram.com/queleer/
planetadelibrosve,Planeta de Libros Venezuela,1046357679,,,,true,https://www.instagram.com/planetadelibrosve/
dianaalvarez2013,Diana Alvarez â­ï¸,218678964,,,,true,https://www.instagram.com/dianaalvarez2013/
delcielobox,ğŸ˜Š,291002381,,,,true,https://www.instagram.com/delcielobox/
julianvallejo999,Julian Vallejo,327171503,,,,true,https://www.instagram.com/julianvallejo999/
delrealalfantas,ğ’â„´ğ“â„´ğ“‚ğ’·ğ’¾ğ’¶ ğŸ’ | 20 |,2557224075,,,,true,https://www.instagram.com/delrealalfantas/
sandra.liseth_r_c,Sandra L RodrÃ­guez,739776380,,,,true,https://www.instagram.com/sandra.liseth_r_c/
migaroto,ğŸ˜ğŸ·millerlandy,224116932,,,,true,https://www.instagram.com/migaroto/
roberttnavas,Robert navas,3645472873,,,,true,https://www.instagram.com/roberttnavas/
norarivera871,Nora Elena Rivera Marin,1766210127,,,,true,https://www.instagram.com/norarivera871/
luisatobon,Luisa Fda Tobon,8991858,,,,true,https://www.instagram.com/luisatobon/
marijoto27,Ma JosÃ© Torrenegra A.,539633201,,,,true,https://www.instagram.com/marijoto27/
ninamisersano,Nina Miser,2014631678,,,,true,https://www.instagram.com/ninamisersano/
manu__botero,Manuela Botero,476938270,,,,true,https://www.instagram.com/manu__botero/
dora_mgomezbedoya,David Dora Gomez Toro,3804131501,,,,true,https://www.instagram.com/dora_mgomezbedoya/
ericaacevedoc,Erica SACğŸ‡¨ğŸ‡´,642047395,,,,true,https://www.instagram.com/ericaacevedoc/
natyrivas2989,Naty Rivas,672356043,,,,true,https://www.instagram.com/natyrivas2989/
k.deboraaa,Karen,198708017,,,,true,https://www.instagram.com/k.deboraaa/
katalaim,,288923337,,,,true,https://www.instagram.com/katalaim/
delahozsalcedo,rosa MarÃ­a,3006026785,,,,true,https://www.instagram.com/delahozsalcedo/
badriana28,Adriana Perez,177759899,,,,true,https://www.instagram.com/badriana28/
mercedesbric,mercedes briceÃ±o,4766780894,,,,true,https://www.instagram.com/mercedesbric/
abrahamhicks_louisehay_fan,Valerie Online Freedom-Preneur,2026327666,,,,true,https://www.instagram.com/abrahamhicks_louisehay_fan/
lilibum330,Liliana Rodriguez,3122198764,,,,true,https://www.instagram.com/lilibum330/
loveistheanswer_la,Emmanuelle,4049457154,,,,true,https://www.instagram.com/loveistheanswer_la/
lorenitaqh,Lorena Quintero,392199955,,,,true,https://www.instagram.com/lorenitaqh/
andreagalvezs,Andrea Galvez,202463965,,,,true,https://www.instagram.com/andreagalvezs/
alvaroreyesfashion,ALVARO REYES,5051680606,,,,true,https://www.instagram.com/alvaroreyesfashion/
angela_maria_beltran,Angela Maria Beltran,3987348301,,,,true,https://www.instagram.com/angela_maria_beltran/
isarecalero,isabella,3457423748,,,,true,https://www.instagram.com/isarecalero/
akianeart,Akiane Kramarik,1259666777,,,,true,https://www.instagram.com/akianeart/
espinoglo,,911667882,,,,true,https://www.instagram.com/espinoglo/
jspates,Jamie Spates,579021,,,,true,https://www.instagram.com/jspates/
highchienergy,âœ¨HighChi Energy Jewelryâœ¨,1417094167,,,,true,https://www.instagram.com/highchienergy/
luisaferbau,Luisa Fernanda Bautista GarcÃ­a,2366270948,,,,true,https://www.instagram.com/luisaferbau/
lunaranjop,Lu Naranjo,250386340,,,,true,https://www.instagram.com/lunaranjop/
angieortiz_o,Angela Ortiz,315738058,,,,true,https://www.instagram.com/angieortiz_o/
cristinadegreiff_,Cris - terapeuta angelical,1419710070,,,,true,https://www.instagram.com/cristinadegreiff_/
jimenezartejulian,arte julian jimenez,3497205041,,,,true,https://www.instagram.com/jimenezartejulian/
debieadriana,debie adriana moreno,2086311003,,,,true,https://www.instagram.com/debieadriana/
katherinlemabarbosa,Katherin Lema Barbosa,1367033176,,,,true,https://www.instagram.com/katherinlemabarbosa/
lornabyrneangels,Lorna Byrne,2268213902,,,,true,https://www.instagram.com/lornabyrneangels/
yolima2,Yolima,300644537,,,,true,https://www.instagram.com/yolima2/
crazysexykris,Kris Carr,26943177,,,,true,https://www.instagram.com/crazysexykris/
spiritscienceofficial,Spirit Science,1399163231,,,,true,https://www.instagram.com/spiritscienceofficial/
spiritualsoul,Kare âš¡ï¸ Thomas,302159626,,,,true,https://www.instagram.com/spiritualsoul/
oracle_of_light,Oracle Of Light ğŸ”®ğŸ†âœ¨ğŸ”®,699450088,,,,true,https://www.instagram.com/oracle_of_light/
anitamoorjani,Anita Moorjani,1354781291,,,,true,https://www.instagram.com/anitamoorjani/
melissavirtue8,MelissaVirtue,1578246514,,,,true,https://www.instagram.com/melissavirtue8/
charles_virtue,Charles Virtue,1723960324,,,,true,https://www.instagram.com/charles_virtue/
nuestrateleinternacional,Nuestra Tele Internacional,1288719543,,,,true,https://www.instagram.com/nuestrateleinternacional/
dreams_mysteries,,1364476977,,,,true,https://www.instagram.com/dreams_mysteries/
daveramsey,Dave Ramsey,234554977,,,,true,https://www.instagram.com/daveramsey/
chef.manola,Manola | Pastry Chef,1604880794,,,,true,https://www.instagram.com/chef.manola/
varietylatino,Variety Latino,1013862067,,,,true,https://www.instagram.com/varietylatino/
penguinbooks,Penguin Books,1565120578,,,,true,https://www.instagram.com/penguinbooks/
cabellos_keramagic,KERAMAGIC OFICIAL,1255067866,,,,true,https://www.instagram.com/cabellos_keramagic/
azucarysal,AzuÌcar Y Sal,253752598,,,,true,https://www.instagram.com/azucarysal/
espaciodemujeres,Espacio de Mujeres | Women,1430607325,,,,true,https://www.instagram.com/espaciodemujeres/
penguinlibrosmx,Penguin Libros MeÌxico,1322036719,,,,true,https://www.instagram.com/penguinlibrosmx/
penguinlibrosco,Penguin Colombia,1096910480,,,,true,https://www.instagram.com/penguinlibrosco/
librerianacional,LibreriÌa Nacional,355905031,,,,true,https://www.instagram.com/librerianacional/
penguinlibros,Penguin EspaÃ±a,1317289033,,,,true,https://www.instagram.com/penguinlibros/
penguinlibrosus,Penguin Libros en EspanÌƒol,3315594758,,,,true,https://www.instagram.com/penguinlibrosus/
ricky_martin,Ricky Martin,219279091,,,,true,https://www.instagram.com/ricky_martin/
telemundointl,Telemundo Internacional Tv,381531102,,,,true,https://www.instagram.com/telemundointl/
univision,Univision,24579428,,,,true,https://www.instagram.com/univision/
noticiastelemundo,Noticias Telemundo,1954568,,,,true,https://www.instagram.com/noticiastelemundo/
telemundo,Telemundo,2774594,,,,true,https://www.instagram.com/telemundo/
askangels,Melanie Beckler,33685915,,,,true,https://www.instagram.com/askangels/
browsingitaly,Browsing Italy,247881623,,,,true,https://www.instagram.com/browsingitaly/
girlinflorence,Georgette Jupe,294344427,,,,true,https://www.instagram.com/girlinflorence/
saltysundesignsco,Salty Sun LLC,309765006,,,,true,https://www.instagram.com/saltysundesignsco/
arturohuertasc,Arturo Huertas C,210468934,,,,true,https://www.instagram.com/arturohuertasc/
grumo,Grumo,3083271,,,,true,https://www.instagram.com/grumo/
2btubestudios,2btube,1642777140,,,,true,https://www.instagram.com/2btubestudios/
claraestradabienestar,Clara Estrada Cano,255126754,,,,true,https://www.instagram.com/claraestradabienestar/
camilopotes12,Camilo Potes Espinel,1541064056,,,,true,https://www.instagram.com/camilopotes12/
norellarubin,Norella Rubin,841152996,,,,true,https://www.instagram.com/norellarubin/
streams_ministries,Streams Ministries Int,601507950,,,,true,https://www.instagram.com/streams_ministries/
adrisuarezgomez,Adriana SuÃ¡rez,1262484154,,,,true,https://www.instagram.com/adrisuarezgomez/
laeraazul,Libros y Accesorios,844838482,,,,true,https://www.instagram.com/laeraazul/
zezyrp,Cecilia Ruiz,54804237,,,,true,https://www.instagram.com/zezyrp/
orel.luz,Orel luz de Dios.,2099736938,,,,true,https://www.instagram.com/orel.luz/
kary_pez,karina pez â™¥,1283848479,,,,true,https://www.instagram.com/kary_pez/
glezerendira,Erendira Glez,1600755712,,,,true,https://www.instagram.com/glezerendira/
marcemes76,Marcela Mesa,22618421,,,,true,https://www.instagram.com/marcemes76/
lili66torres,liliana torres,963070017,,,,true,https://www.instagram.com/lili66torres/
anmorub,Angelica Montoya,365014846,,,,true,https://www.instagram.com/anmorub/
mollywesty,Molly & Tofu ğŸ¶ğŸ¶,1097093309,,,,true,https://www.instagram.com/mollywesty/
leydis.parra,Leydis,1737315204,,,,true,https://www.instagram.com/leydis.parra/
sandrapau111,S A N D R A âœ¨ğŸ‘‘ğŸ’,663550131,,,,true,https://www.instagram.com/sandrapau111/
rosaimeldasanguino,Rosa Imelda Sanguino Vargas,1491936515,,,,true,https://www.instagram.com/rosaimeldasanguino/
galiecheverri,ğŒ¾á—©á’ªá“®,614314553,,,,true,https://www.instagram.com/galiecheverri/
sweetesperancita,ğ“ğ“®ğ“²ğ“µğ“ª ğ“”ğ“¼ğ“¹ğ“®ğ“»ğ“ªğ“·ğ”ƒğ“ª,1448931133,,,,true,https://www.instagram.com/sweetesperancita/
alegriaingrid,Ingrid Alegria - Mentora,1551668906,,,,true,https://www.instagram.com/alegriaingrid/
nataovalle,Natalia Ovalle,322042686,,,,true,https://www.instagram.com/nataovalle/
truisa_di,,411637581,,,,true,https://www.instagram.com/truisa_di/
maryluz728,,1685603798,,,,true,https://www.instagram.com/maryluz728/
andreinalongas,êª–êª€á¦”ğ˜³ê«€ğ“²êª€êª–,268541210,,,,true,https://www.instagram.com/andreinalongas/
fernivelez,Maria Fernanda Velez,1488777795,,,,true,https://www.instagram.com/fernivelez/
karolainreyesweddingplanner,KarolainReyes WeddingPlanner,1665441728,,,,true,https://www.instagram.com/karolainreyesweddingplanner/
pablinxlr,Pablo Xavier Lara,2002409865,,,,true,https://www.instagram.com/pablinxlr/
limaol,limaol,30158705,,,,true,https://www.instagram.com/limaol/
marceteach,Marcela Alba,196778962,,,,true,https://www.instagram.com/marceteach/
alexatata1982,Alexa,1428709719,,,,true,https://www.instagram.com/alexatata1982/
semarin10,sulfanny marin,510727724,,,,true,https://www.instagram.com/semarin10/
sandra.m.martinez.1840,Sandra MartinÃ¦z,1654153540,,,,true,https://www.instagram.com/sandra.m.martinez.1840/
richard7045,Richard Perez,1934000696,,,,true,https://www.instagram.com/richard7045/
angelicapalaciogarcia_,ğ’Šğ’ğ’”ğ’‘ğ’Šğ’“ğ’‚ğ’„ğ’Šğ’Ìğ’ ğ’š ğ’„ğ’ğ’ğ’”ğ’„ğ’Šğ’†ğ’ğ’„ğ’Šğ’‚,1916402244,,,,true,https://www.instagram.com/angelicapalaciogarcia_/
viannysantamaria,Vianny Santamaria,509745487,,,,true,https://www.instagram.com/viannysantamaria/
paloderosa_cakes,ğ–¯ğ–ºğ—…ğ—ˆ ğ–½ğ–¾ ğ—‹ğ—ˆğ—Œğ–º â†‡ ğ–¡ğ—’ ğ–ªğ–ºğ—ğ–¾ğ—‹ğ—‚ğ—‡ğ–¾,206549736,,,,true,https://www.instagram.com/paloderosa_cakes/
claudianaranjo97,claudia,1382680522,,,,true,https://www.instagram.com/claudianaranjo97/
maneroga,Martha Nelly Rodas Garcia,1682378899,,,,true,https://www.instagram.com/maneroga/
marirossqsan,Mary Ross,1531821906,,,,true,https://www.instagram.com/marirossqsan/
katalinagil50,Katalina Gil Velasco,1832772101,,,,true,https://www.instagram.com/katalinagil50/
maryiosorno,Maryi Osorno S.,509631351,,,,true,https://www.instagram.com/maryiosorno/
elsai58,E D. Vasquez,194355750,,,,true,https://www.instagram.com/elsai58/
sussy_fu,Sussy,1828046824,,,,true,https://www.instagram.com/sussy_fu/
marisoto87,Maria Alejandra Soto,937335451,,,,true,https://www.instagram.com/marisoto87/
jesusvillada_,JesÃºs Villada,1478517324,,,,true,https://www.instagram.com/jesusvillada_/
ricardonieto999,Ê€Éªá´„á´€Ê€á´…á´ á´€ É´Éªá´‡á´›á´ á´˜.,1831954198,,,,true,https://www.instagram.com/ricardonieto999/
mariajrestrepo,Maria Restrepo,1832552253,,,,true,https://www.instagram.com/mariajrestrepo/
rosaaidatrujillogalecio9,Rosa Trujillo,1241679529,,,,true,https://www.instagram.com/rosaaidatrujillogalecio9/
pezanthony,Anthony Pez,1532436615,,,,true,https://www.instagram.com/pezanthony/
moranyancy33,Yancy Laura MorÃ¡n Salazar,212780966,,,,true,https://www.instagram.com/moranyancy33/
anicanas,Ana CaÃ±as,178428761,,,,true,https://www.instagram.com/anicanas/
jorgelpradop,Jorge Prado,341464738,,,,true,https://www.instagram.com/jorgelpradop/
morguefile,,383530361,,,,true,https://www.instagram.com/morguefile/
marciaskincarestudio,Marcia L. Rueda,234477528,,,,true,https://www.instagram.com/marciaskincarestudio/
casacasas,,1816331938,,,,true,https://www.instagram.com/casacasas/
vialperi17,Viviana PeÃ±a Rivera,244818300,,,,true,https://www.instagram.com/vialperi17/
montbusiness,Montbusiness,541467882,,,,true,https://www.instagram.com/montbusiness/
susanaperezcortes,Susana Perez Cortes,1828234795,,,,true,https://www.instagram.com/susanaperezcortes/
ivonne8224,Ivonne Cubides,649950180,,,,true,https://www.instagram.com/ivonne8224/
cargali34,Isabel Rivera Lozano,1643272005,,,,true,https://www.instagram.com/cargali34/
maga_reza,Martha Reza,1574102004,,,,true,https://www.instagram.com/maga_reza/
paohc19,Pao Harnache CastanÌƒo,473151076,,,,true,https://www.instagram.com/paohc19/
angelarsg11,ğ€Ğ¸É¢É›â„“Î± Æ§Î±â„“Î±Ê“Î±Ñ Ç¤ÏƒĞ¼É›Ê“,975557139,,,,true,https://www.instagram.com/angelarsg11/
daycolombia1,Dagerfu,501490732,,,,true,https://www.instagram.com/daycolombia1/
sandrabenavides.coachdeimagen,Coach de imagen/comunicaciones,1498166782,,,,true,https://www.instagram.com/sandrabenavides.coachdeimagen/
johnnyns07,Johnny Silveira,1340746838,,,,true,https://www.instagram.com/johnnyns07/
bibirojas329,Bibi Rojas,284001988,,,,true,https://www.instagram.com/bibirojas329/
mafeariass,mafeariass,334548663,,,,true,https://www.instagram.com/mafeariass/
jgregs7,Jose Greg Garcia,1555341141,,,,true,https://www.instagram.com/jgregs7/
lithoossanchez,Lithoos- Carlos Sanchez Ortega,27653246,,,,true,https://www.instagram.com/lithoossanchez/
carlosluisreikinumerologo,carlos luis,1464957025,,,,true,https://www.instagram.com/carlosluisreikinumerologo/
leidya23,leidy alexandra,522865447,,,,true,https://www.instagram.com/leidya23/
j.rlira,jose ribamar lira,209069437,,,,true,https://www.instagram.com/j.rlira/
yolandaguaca,Yolanda,1811340016,,,,true,https://www.instagram.com/yolandaguaca/
chamg20,Fatima Castro,1719349690,,,,true,https://www.instagram.com/chamg20/
psicologoalejandrocarvajal,Alejandro Carvajal,194212433,,,,true,https://www.instagram.com/psicologoalejandrocarvajal/
jeanspirations,Jean'spirations,1291928877,,,,true,https://www.instagram.com/jeanspirations/
nandys_ph,Nandys Perdomo H,1521282660,,,,true,https://www.instagram.com/nandys_ph/
kara_home_love,kara_home_love,1196342957,,,,true,https://www.instagram.com/kara_home_love/
mclg720807,conchis,1784069293,,,,true,https://www.instagram.com/mclg720807/
mari_mendez13,MarianağŸˆ,1636647708,,,,true,https://www.instagram.com/mari_mendez13/
nathy_munoz,Natalia MuÃ±oz Franco,19248653,,,,true,https://www.instagram.com/nathy_munoz/
katherin2v,K2V,1749078952,,,,true,https://www.instagram.com/katherin2v/
danieella.moreno,Daniela Alejandra Moreno,659631987,,,,true,https://www.instagram.com/danieella.moreno/
libiapao,Libia Paola DomÃ­nguez GÃ³mez,304745751,,,,true,https://www.instagram.com/libiapao/
alejandra.anncestral,ğ—–ğ—¢ğ—”ğ—–ğ—› ğ—§ğ—¥ğ—”ğ—¡ğ—¦ğ—£ğ—˜ğ—¥ğ—¦ğ—¢ğ—¡ğ—”ğ—Ÿ ğŸ¤,1370459102,,,,true,https://www.instagram.com/alejandra.anncestral/
carolinacoralina,Carolina Romoleroux,270653706,,,,true,https://www.instagram.com/carolinacoralina/
taniamoreno195,ğ“’ğ“±ğ“²ğ“ºğ“¾ğ“²ğ“¼  ğŸ¤³,249384240,,,,true,https://www.instagram.com/taniamoreno195/
amvilla0127,Angela Maria Villa,1527299095,,,,true,https://www.instagram.com/amvilla0127/
restrepo.fernanda,Fernanda Restrepo Restrepo,1619085083,,,,true,https://www.instagram.com/restrepo.fernanda/
carogonzalez980,Caro Gonzalez,1102845353,,,,true,https://www.instagram.com/carogonzalez980/
lorenustes,Lorena NÌƒustes PenÌƒa,1135133634,,,,true,https://www.instagram.com/lorenustes/
pilygiraldo,Pilar Giraldo SantafÃ©,540255707,,,,true,https://www.instagram.com/pilygiraldo/
clau3212,Claudia Plazas C,265420373,,,,true,https://www.instagram.com/clau3212/
monicarua_h,MonyğŸ’•ğŸŒˆğŸŒŸ,1118220867,,,,true,https://www.instagram.com/monicarua_h/
adrytorres2,Adrii Patty Torres,1102166353,,,,true,https://www.instagram.com/adrytorres2/
lebyramdelacm,Lebyram De La Cruz Dgz,280392136,,,,true,https://www.instagram.com/lebyramdelacm/
lala3821,Laura Lamadrid MejÃ­a,143938643,,,,true,https://www.instagram.com/lala3821/
mariaisahurtado24,Maria Isabel Hurtado,735335983,,,,true,https://www.instagram.com/mariaisahurtado24/
osmel_prato,OsmelyugğŸ•‰ï¸Yoga |  Coaching y +,1581594548,,,,true,https://www.instagram.com/osmel_prato/
sandra.c.sosa,Sandra Caballero Sosa,1340163644,,,,true,https://www.instagram.com/sandra.c.sosa/
andrearodriguez4012,Andrea Rodriguez,1641773986,,,,true,https://www.instagram.com/andrearodriguez4012/
melimedval,Melissa Medina Valencia,1705232388,,,,true,https://www.instagram.com/melimedval/
carolina.quintero.md,Carolina Quintero,1556838837,,,,true,https://www.instagram.com/carolina.quintero.md/
pidi87,Cristina Vargas,25422278,,,,true,https://www.instagram.com/pidi87/
talisq,Teresa Solis,355007308,,,,true,https://www.instagram.com/talisq/
marisolcelisg,Marisol,1096156263,,,,true,https://www.instagram.com/marisolcelisg/
fabi_guerra_,â¤ï¸fabiguerra,533074355,,,,true,https://www.instagram.com/fabi_guerra_/
adry766,adry766,32840604,,,,true,https://www.instagram.com/adry766/
catafranco_,Catalina Franco,573577402,,,,true,https://www.instagram.com/catafranco_/
cs.joyeriaespiritual,Carolina Serna,737671594,,,,true,https://www.instagram.com/cs.joyeriaespiritual/
atehortuamaria,Maria Cristina Atehortua,1412352033,,,,true,https://www.instagram.com/atehortuamaria/
iselanovati,iselanovati,634223004,,,,true,https://www.instagram.com/iselanovati/
karinavivianavalencia,karina,738939370,,,,true,https://www.instagram.com/karinavivianavalencia/
nanaarru,mariana,815660885,,,,true,https://www.instagram.com/nanaarru/
magicalcollection,Shilpi Impex,1698765977,,,,true,https://www.instagram.com/magicalcollection/
lizzethcriado,Lizzeth,322107004,,,,true,https://www.instagram.com/lizzethcriado/
sandritacn,Sandra CastaÃ±eda,1293823870,,,,true,https://www.instagram.com/sandritacn/
yeyegomez3,Yeye Gomez,1744383102,,,,true,https://www.instagram.com/yeyegomez3/
falzate1,Francisco alzate,717661668,,,,true,https://www.instagram.com/falzate1/
experiencias.educ,Experiencias Educativas,1746671706,,,,true,https://www.instagram.com/experiencias.educ/
cristymoreno750,Cristy Moreno,1268007573,,,,true,https://www.instagram.com/cristymoreno750/
yennifermolina98,Yennifer Molina,1476311579,,,,true,https://www.instagram.com/yennifermolina98/
planetadelibrosco,Planeta de Libros Colombia ğŸ‡¨ğŸ‡´ğŸ“š,356681872,,,,true,https://www.instagram.com/planetadelibrosco/
flibibi,Bibi LÃ³pez,1507196349,,,,true,https://www.instagram.com/flibibi/
marluz061,Marita,618353594,,,,true,https://www.instagram.com/marluz061/
sadhana_yogi_girl,Yoga terapeutico y prenatal,1650426558,,,,true,https://www.instagram.com/sadhana_yogi_girl/
raquel.jimenez.c,Raquel JimÃ©nezc,265006842,,,,true,https://www.instagram.com/raquel.jimenez.c/
mariavfajardo1,maria v  fajardo,1018102690,,,,true,https://www.instagram.com/mariavfajardo1/
happyyogamedellin,Happy Yoga Medellin,1493793135,,,,true,https://www.instagram.com/happyyogamedellin/
dianac.alvarez.39,Sofia Del Pilar A,1534364889,,,,true,https://www.instagram.com/dianac.alvarez.39/
descaradas.ds,Descaradas,1524471115,,,,true,https://www.instagram.com/descaradas.ds/
mariahdezarruk,,1550181559,,,,true,https://www.instagram.com/mariahdezarruk/
caroalvarezms,Carolina Alvarez M.,224523463,,,,true,https://www.instagram.com/caroalvarezms/
dianamoreno8527,Moreno Diana,1445529643,,,,true,https://www.instagram.com/dianamoreno8527/
paomx1975,paola isaza,505876362,,,,true,https://www.instagram.com/paomx1975/
ktzarabanda,Zarabanda Kt,983435684,,,,true,https://www.instagram.com/ktzarabanda/
radleighvalentine,Radleigh Valentine,1396478562,,,,true,https://www.instagram.com/radleighvalentine/
